:020000041000EA
:1000000000C00820D9E5001015E6001017E6001022
:1000100019E600101BE600101DE6001000000000AD
:100020000000000000000000000000001FE60010BB
:10003000000000000000000021E60010E18B00102D
:1000400025E6001027E60010799C00101D9C00108A
:100050002DE600102D9A0010419A0010559A0010BC
:1000600035E6001037E6001039E600103BE60010D8
:100070003DE6001099900010F1990010059A0010CB
:1000800045E6001047E6001049E600104BE6001078
:100090004DE600104FE6001051E6001053E6001048
:1000A00055E6001057E6001059E600105BE6001018
:1000B0003D9B00104B9B0010599B0010679B00104C
:1000C00065E6001067E60010199A00106BE6001054
:1000D000AD9000106FE6001071E6001073E600109E
:1000E00075E6001077E6001079E600107BE6001058
:1000F0007DE600107FE6001081E6001083E6001028
:1001000085E6001087E6001089E600108BE60010F7
:100110008DE600108FE6001091E6001093E60010C7
:1001200095E6001097E6001099E600109BE6001097
:100130009DE600109FE60010A1E60010A3E6001067
:10014000A5E60010A7E60010A9E60010ABE6001037
:10015000759B0010839B0010919B00109F9B0010CB
:10016000AD9B0010BB9B0010C99B0010D79B0010DB
:10017000E59B0010F39B0010019C00100F9C0010E9
:10018000C5E60010C7E60010C9E60010CBE6001077
:10019000CDE60010CFE60010D1E60010D3E6001047
:1001A000D5E60010D7E60010D9E60010DBE6001017
:1001B000DDE60010DFE60010E1E6001010B5054CAA
:1001C000237833B9044B13B10448AFF30080012303
:1001D000237010BDA00B0020000000002C64011053
:1001E00008B5034B1BB103490348AFF3008008BDBA
:1001F00000000000A40B00202C64011080B584B026
:1002000000AF7860124B1B68002B02D1104B114AD3
:100210001A600F4B1B68FB600D4B1A687B68134418
:100220001A460D4B9A4207D90FF028F803460C22C4
:100230001A604FF0FF3306E0054B1A687B681344E1
:10024000034A1360FB6818461037BD4680BD00BFE7
:10025000BC0B00203814002000B0082080B400AF90
:100260006FF010031846BD465DF8047B704780B4FC
:1002700000AF6FF010031846BD465DF8047B704771
:1002800080B485B000AF4FF080439B6803F4606397
:10029000BB60BB68B3F5406F34D0BB68B3F5406F4B
:1002A00034D8BB68B3F5206F28D0BB68B3F5206F96
:1002B0002CD8BB68B3F5006F1DD0BB68B3F5006FD9
:1002C00024D8BB68B3F5C06F11D0BB68B3F5C06F5D
:1002D0001CD8BB68002B04D0BB68B3F5806F03D07B
:1002E00014E0154BFB6014E0144BFB6011E04FF47D
:1002F000FA53FB600DE0124BFB600AE04FF4E103A0
:10030000FB6006E04FF40043FB6002E00A4BFB6039
:1003100000BF4FF080439B689B0903F007037B609D
:10032000FA687B6822FA03F3064A136000BF1437A9
:10033000BD465DF8047B7047008793030048E801E1
:1003400000D8B8050000002080B483B000AF4FF0A3
:1003500080439B6803F4E0737B601F4B1B691E4A5C
:1003600043F0080313614FF080439B684FF08042D5
:1003700043F4E073936000BF184B1B6C03F0010360
:10038000002BF9D000BF154B1B6C03F00203002BB0
:10039000F9D000BF114B1B6C03F00403002BF9D004
:1003A0004FF080439B6823F4E0724FF080417B68FC
:1003B00013438B604FF080431B6823F440334FF0AE
:1003C000804243F400331360002318460C37BD46C7
:1003D0005DF8047B704700BF006C004000440040A3
:1003E00080B400AF00231846BD465DF8047B70471B
:1003F00080B400AF00BFBD465DF8047B70470000CD
:1004000080B500AF4C4B4D4A9A604D4B9B68302BEA
:1004100010D94B4B1B6C03F00203002B0AD04FF09A
:1004200080439B684FF0804223F4E0739360042084
:1004300005F010FC404BD3F888303F4A43F470037A
:10044000C2F88830BFF34F8F00BFBFF36F8F00BF7C
:100450003C4B3D4A43F0010393643C4B01221A603C
:100460003B4B40221A60394B00221A60394B012263
:10047000C3F8002700BF374BD3F8003103F48033B3
:10048000002BF8D0334BD3F80031324A43F001034C
:10049000C2F8003100BF2F4BD3F8003103F4803392
:1004A000002BF8D0FFF7ECFE002005F086FB0120C2
:1004B00005F083FB284BD3F8C030274B4FF0FF32B9
:1004C000C3F8C020244BD3F8B830234B4FF0FF3291
:1004D000C3F8B820204B1B6E1F4B4FF0FF321A663B
:1004E0001D4B5B6E1C4B00225A661C4BD3F8C03070
:1004F0001A4B4FF0FF32C3F8C020184BD3F8B83076
:10050000164B4FF0FF32C3F8B820144B1B6E134B41
:100510004FF0FF321A66114B5B6E104B00225A6689
:10052000094B1B68084A23F480631360FFF758FFE8
:10053000FFF75EFF00BF80BD00ED00E0000000108F
:1005400000440040D9E5001000680040000C004065
:100550000C04004000A002400080004000900040D9
:1005600080B483B000AFEFF310833B603B687B60E7
:100570007B68002B0CBF01230023DBB21A46044B1F
:100580001A6000BF0C37BD465DF8047B704700BFA2
:100590000400002080B500AFFFF7E2FF054B1B68A9
:1005A000002B01D072B600BF024B01225A6000BF7F
:1005B00080BD00BF0400002080B500AF064B1B6863
:1005C000002B01D062B600BF034B00225A60FFF738
:1005D000C7FF00BF80BD00BF0400002080B485B00D
:1005E00000AF7860064BFB607B689B00FA681344A1
:1005F000FB60FB6818461437BD465DF8047B704706
:1006000020100B4080B489B000AFF860B9607A6008
:10061000FB687B61BB68FB617B689B08BB617B6897
:1006200003F003037B6005E0FB691A1DFA611A6899
:100630007B691A60BB695A1EBA61002BF4D1FB6951
:10064000BB6005E0BB685A1CBA601A78FB681A7078
:100650007B685A1E7A60002BF4D100BF00BF24379C
:10066000BD465DF8047B704780B489B000AFF86088
:10067000B9607A60BB687B61FB68FB617B689B0843
:10068000BB617B6803F003037B6005E0FB691A1D17
:10069000FA617A6912681A60BB695A1EBA61002B46
:1006A000F4D1FB69FB6006E0FB685A1CFA60BA688B
:1006B0001278D2B21A707B685A1E7A60002BF3D17E
:1006C00000BF00BF2437BD465DF8047B70470000C3
:1006D00080B584B000AF78607B68002B05D0102215
:1006E000796839480FF0C8F802E0374B00221A60E9
:1006F000354B9B68002B08D0334B9B6898470346CB
:10070000002B02D04FF0FF3359E0304B40221A60EB
:100710000123FB6006E0FB68184600F013FAFB6853
:100720000133FB60FB680B2BF5DD294B00221A70AF
:10073000284B00225A70274B0022DA80254B0022DA
:100740001A81244B0022DA72224B0022C3F8A02423
:10075000204B40F60802C3F860241E4B0022C3F869
:1007600064241C4B4FF48072C3F86824194B002298
:10077000C3F86C24174B0122C3F81424154B012233
:10078000C3F81824134B0022C3F85C24114B002239
:10079000C3F848240F4B0222C3F84C240D4B01220E
:1007A000C3F830240B4B0122C3F83C24094B002230
:1007B000C3F81024074B0122C3F810240023184665
:1007C0001037BD4680BD00BF240C0020F00B002078
:1007D000200C002000100B4080B400AF124B1B68AF
:1007E000002B08D0114B5B78DBB2104A43F020039A
:1007F000DBB2537007E00D4B5B78DBB20B4A23F0A2
:100800002003DBB25370094B5B78DBB2074A43F03D
:100810004003DBB25370064B00221A7000231846C7
:10082000BD465DF8047B7047240C002000100B408F
:10083000200C002080B400AF084B5B78DBB2074A85
:1008400023F04003DBB25370054B00221A700023E3
:100850001846BD465DF8047B704700BF00100B4092
:10086000200C002080B584B000AFF8600B467A60A1
:10087000FB72FB68002B06D0FB680B2B03D87B6850
:10088000B3F5007F02D94FF0FF3358E0F86800F06D
:1008900059F9FFF77FFE2C4BFA68D2B29A73FB7AB4
:1008A000022B25D0022B41DC002B44D0012B3DD163
:1008B000254B80229A75244B0222DA75224B7A68E6
:1008C00092B29A822149FB687A6841F823201E4B34
:1008D0001B899BB21AB20121FB6801FA03F31BB218
:1008E000DB431BB213401AB2174B92B21A8123E0BA
:1008F000154B40229A74144B2222DA74124B7A68F8
:1009000092B21A821149FB687A6841F823200E4B93
:10091000DB889BB21AB20121FB6801FA03F31BB218
:1009200013431AB2084B92B2DA8005E0FFF744FE97
:100930004FF0FF3303E000BFFFF73EFE00231846F1
:100940001037BD4680BD00BF00100B40F00B0020EB
:1009500080B483B000AF7860074A7B6852F82330D8
:10096000002B14BF01230023DBB218460C37BD4611
:100970005DF8047B704700BFF00B002080B584B0A9
:1009800000AF78607868FFF7E3FF0346002B02D1E1
:100990004FF0FF334AE0FFF7FDFD264B7A68D2B2F5
:1009A0009A737B68002B0BD1224B9B7CDBB2214AD4
:1009B00043F06003DBB293741F4B00221A7017E000
:1009C0001C4BDB7CDBB203F02003002B08D0194B5F
:1009D0009B7CDBB2174A43F01003DBB2937407E051
:1009E000144B9B7DDBB2134A43F02003DBB29375BB
:1009F000124A7B6852F82330FB60104A7B68002162
:100A000042F82310FB68002B0DD0FB684FF0FF323B
:100A10001A61FB685B69002B05D0FB685B69FA68AB
:100A2000926910469847FFF7C7FD00231846103714
:100A3000BD4680BD00100B40200C0020C00B0020E4
:100A400080B582B000AF78607868FFF781FF034619
:100A5000002B02D14FF0FF332FE0FFF79BFD194B26
:100A60007A68D2B29A737B68002B23D0154BDB7C5B
:100A7000DBB203F02003002B0ED0124B9B7CDBB2C9
:100A800003F00103002B03D00E4B48229A7411E0AF
:100A90000C4B40229A740DE00A4B9B7DDBB203F0B5
:100AA0000103002B03D0074B90229A7502E0054BFF
:100AB00080229A75FFF780FD002318460837BD464F
:100AC00080BD00BF00100B4080B485B000AF7860DF
:100AD0001B4B7A68D2B29A737B68002B1ED0184BDE
:100AE000DB7CDBB203F02003002B0BD0144B9B7C90
:100AF000DBB203F01003002B14BF01230023DBB291
:100B0000FB6016E00E4B9B7DDBB203F02003002B55
:100B100014BF01230023DBB2FB600AE0084B9B7C7F
:100B2000DBB203F02003002B14BF01230023DBB250
:100B3000FB60FB6818461437BD465DF8047B7047C0
:100B400000100B4080B584B000AF78607B680B2B41
:100B500002D94FF0FF3374E0FFF71CFD3B4A7B687E
:100B600052F82330FB60394A7B68002142F8231099
:100B70007B68002B62D0364A7B68002142F8231044
:100B8000344B7A68D2B29A73324BDB889BB21AB27A
:100B900001217B6801FA03F31BB2DB431BB2134054
:100BA0001AB22C4B92B2DA802A4B1B899BB21AB232
:100BB00001217B6801FA03F31BB2DB431BB2134034
:100BC0001AB2244B92B21A81224B9B7CDBB203F007
:100BD0000103002B02D01F4B08229A741D4B1022D8
:100BE0009A741C4B0222DA741A4B00221A82194B97
:100BF0009B7DDBB203F00103002B02D0154B1022CA
:100C00009A75144B20229A75124B0222DA75114BF9
:100C100000229A82FFF7D0FCFB68002B10D0FB6803
:100C20004FF0FF321A61FB685B69002B08D0FB684C
:100C30005B69FA6892691046984701E0FFF7BCFCCF
:100C4000002318461037BD4680BD00BFC00B0020F2
:100C5000F00B002000100B4080B584B000AF78602E
:100C60007B68002B02D04FF0FF331EE0FFF792FCB1
:100C7000104B9B7BDBB2FB600E4B00229A730E4B3A
:100C80001B78012B07D10B4B9B7CDBB2094A43F04D
:100C90004803DBB29374084B00221A70054BFA68C4
:100CA000D2B29A73FFF788FC002318461037BD466E
:100CB00080BD00BF00100B40200C002080B588B024
:100CC00000AF78600023FB618FE00122FB6902FA2C
:100CD00003F37B617A687B691340002B7FD0474A1E
:100CE000FB6952F82330002B7BD0454BFA69D2B216
:100CF0009A73424AFB6952F823303B613B699A6818
:100D00003B69DB68D31AFB60FB68002B57D03D4A78
:100D1000FB6952F82330FA689A4205D3394AFB69D5
:100D200052F82330BB6101E0FB68BB61F869FFF753
:100D300055FC3B695A683B69DB681344BA6919463C
:100D4000FFF760FC3B69DA68BB691A443B69DA600B
:100D5000FB69002B2FD1294AFB6952F82330DA684E
:100D60002649FB6951F823309B689A421AD1264BD9
:100D700000221A70224B9B7CDBB2214A43F00A030B
:100D8000DBB293741D4AFB69002142F823103B69D2
:100D90005B69002B26D03B695B693A699269104612
:100DA00098471FE0164B9B7CDBB2154A43F00203C9
:100DB000DBB2937416E0124B01229A7412E00F4AD0
:100DC000FB69002142F823103B695B69002B09D0C5
:100DD0003B695B693A6992691046984702E000BF37
:100DE00000E000BFFB690133FB61FB690B2B7FF661
:100DF0006CAF00BF00BF2037BD4680BDC00B0020D8
:100E000000100B40F00B0020200C002090B587B0A4
:100E100000AF786000237B6114E101227B6902FA54
:100E200003F3FB607A68FB681340002B00F0FC8042
:100E3000894A7B6952F82330002B00F0F780864AFC
:100E40007B6952F82330BB60844B7A69D2B29A73C3
:100E50007B69002B30D1814B9B7CDBB203F001031B
:100E6000002B00F0E5807D4B1B8B9BB2002B10D13B
:100E7000794A7B69002142F82310BB685B69002B2B
:100E800000F0D880BB685B69BA68926910469847E1
:100E9000D0E0724B1B8B9BB23B61BB689A68BB680E
:100EA000DB68D31A3A699A424ED9BB689A68BB6824
:100EB000DB68D31A3B6147E0684B9B7DDBB203F0F4
:100EC0000103002B00F0B880644B1B8B9BB2002BFE
:100ED00028D1614A7B69002142F823105F4B9B7D3A
:100EE000DBB25E4A23F00103DBB293755B4B1B89D7
:100EF0009BB21AB201217B6901FA03F31BB2DB43F7
:100F00001BB213401AB2554B92B21A81BB685B698F
:100F1000002B00F09380BB685B69BA689269104649
:100F200098478BE04D4B1B8B9BB23B61BB689A682B
:100F3000BB68DB68D31A3A699A4205D9BB689A68DC
:100F4000BB68DB68D31A3B61BB685A68BB68DB6867
:100F5000D4187869FFF742FB03463A6919462046E0
:100F6000FFF782FBBB68DA683B691A44BB68DA604A
:100F70007B69002B26D1BB68DA68BB689B689A4204
:100F800017D1364B9B7CDBB2344A43F04803DBB2CB
:100F90009374314A7B69002142F82310BB685B6976
:100FA000002B4CD0BB685B69BA68926910469847C1
:100FB00045E02A4B9B7CDBB2284A43F04003DBB27E
:100FC00093743CE0254B9B7DDBB2244A23F0010364
:100FD000DBB29375BB681B7F012B05D0BB68DA6859
:100FE000BB689B689A422AD11B4A7B69002142F860
:100FF00023101A4B1B899BB21AB201217B6901FA9B
:1010000003F31BB2DB431BB213401AB2134B92B271
:101010001A81BB685B69002B11D0BB685B69BA6839
:101020009269104698470AE000BF08E000BF06E05A
:1010300000BF04E000BF02E000BF00E000BF7B692A
:1010400001337B617B690B2B7FF6E7AE00BF00BFEE
:101050001C37BD4690BD00BFC00B002000100B40E8
:1010600080B58AB000AF78600023BB618C4B9B7B5E
:10107000DBB27B618A4B9B7ADAB2894BDB7ADBB2DB
:101080001340DBB23B61864B5B889AB2844BDB88B2
:101090009BB213409BB27B62814B9B889AB2804B80
:1010A0001B899BB213409BB23B627D4BD3F89824C3
:1010B0007B4BD3F89C341340FB60794AFB68C2F841
:1010C00098343B6903F00803002B14BF012300236D
:1010D000D9B27A68137861F3000313707A681378D1
:1010E0006FF3410313703B6903F00803002B14BF37
:1010F00001230023D9B27A68137861F38203137055
:101100003B6903F00403002B14BF01230023D9B271
:101110007A68137861F3C30313703B6903F001032A
:10112000002B14BF01230023D9B27A68137861F32E
:1011300004131370FB6803F00203002B14BF012398
:101140000023D9B27A68137861F345131370FB68F2
:1011500003F00103002B14BF01230023D9B27A68E6
:10116000137861F3861313703B6903F00403002BBB
:1011700014BF01230023D9B27A68137861F3C7132F
:1011800013707A6853786FF3000353707B6A03F02F
:101190000103002B59D0424B00229A73404B9B7C99
:1011A000DBB203F00403002B10D03D4B9B7CDBB281
:1011B0003B4A23F00403DBB293747B6A23F0010300
:1011C0007B62384B00221A700123BB61344B9B7C3D
:1011D000DBB203F01003002B13D0314B9B7CDBB24E
:1011E0002F4A63F07F03DBB293742E4B00221A70F8
:1011F0007B6A23F001037B620020FFF7A3FC01233D
:10120000BB61BB69002B20D1264B1B78002B10D172
:10121000234B9B7CDBB203F00103002B09D07A68DF
:10122000537843F0010353707B6A23F001037B6220
:101230000BE01C4B1B78022B07D17B6A23F00103C8
:101240007B623B6A43F001033B627B681B7803F0DF
:101250000803DBB2002B10D0124B00221A700023BF
:10126000FB6106E0FB691846FFF76CFCFB69013384
:10127000FB61FB690B2BF5DD0FE07B6A002B02D0D5
:10128000786AFFF71BFD3B6A002B02D0386AFFF734
:10129000BDFD034B7A69D2B29A732837BD4680BD33
:1012A00000100B40200C002080B483B000AF034638
:1012B000FB71FB79082B02D94FF0FF3354E0FB7927
:1012C000023B062B4ED801A252F823F0E91200107F
:1012D000FB1200100D1300105313001041130010E7
:1012E000651300102F130010224BDB7ADBB2214A6A
:1012F00043F00803DBB2D37235E01E4BDB7ADBB27E
:101300001C4A43F00403DBB2D3722CE0194B5B7828
:10131000DBB2184A43F00103DBB25370154BDB7AA2
:10132000DBB2144A43F00103DBB2D3721BE0114B72
:10133000DB889BB20F4A43F001039BB2D38012E0DB
:101340000C4BD3F89C340B4A43F00103C2F89C3495
:1013500009E0084BD3F89C34064A43F00203C2F874
:101360009C3400E000BF002318460C37BD465DF8F2
:10137000047B704700100B4080B483B000AF03467D
:10138000FB71FB79082B02D94FF0FF3354E0FB7956
:10139000023B062B4ED801A252F823F0B9130010DD
:1013A000CB130010DD1300102314001011140010D3
:1013B00035140010FF130010224BDB7ADBB2214AF8
:1013C00023F00803DBB2D37235E01E4BDB7ADBB2CD
:1013D0001C4A23F00403DBB2D3722CE0194BDB7AF6
:1013E000DBB2184A23F00103DBB2D372154B5B78F2
:1013F000DBB2144A23F00103DBB253701BE0114B44
:10140000DB889BB20F4A23F001039BB2D38012E02A
:101410000C4BD3F89C340B4A23F00103C2F89C34E4
:1014200009E0084BD3F89C34064A23F00203C2F8C3
:101430009C3400E000BF002318460C37BD465DF821
:10144000047B704700100B4080B483B000AF0346AC
:10145000FB71002318460C37BD465DF8047B7047CE
:1014600080B584B000AF78603A4BFB60FFF792F82C
:10147000394B00229A737B68002B06D0364B9B7C3D
:10148000DBB203F00103002B04D1FFF795F84FF016
:10149000FF335BE0FB681B78DAB27B681A70FB688D
:1014A0001B78DAB27B685A70FB681B78DBB29AB2A1
:1014B0007B685A80FB681B78DBB219027B685A880C
:1014C0008BB213449AB27B685A80FB681B78DBB2FC
:1014D0009AB27B689A80FB681B78DBB219027B6842
:1014E0009A888BB213449AB27B689A80FB681B7807
:1014F000DBB29AB27B68DA80FB681B78DBB2190238
:101500007B68DA888BB213449AB27B68DA807B6896
:10151000DB88002B14D0104B9B7CDBB20E4A43F0CF
:101520004003DBB293747B681B785BB2002B03DA59
:101530000A4B03221A7006E0084B02221A7002E0DE
:10154000064B01221A70FFF737F8002318461037B0
:10155000BD4680BD20100B4000100B40200C002029
:1015600080B483B000AF78607B687F2B02D94FF0E6
:10157000FF3304E0054B7A68D2B21A700023184694
:101580000C37BD465DF8047B704700BF00100B4070
:1015900080B582B000AF78607B681B680B2B02D9E6
:1015A0004FF0FF331FE07B681B68114A52F823306D
:1015B0007A689A4202D04FF0FF3314E07B681B68D0
:1015C0000B4A002142F823107B684FF0FF321A616A
:1015D0007B685B69002B05D07B685B697A689269E0
:1015E00010469847002318460837BD4680BD00BF07
:1015F000C00B002080B586B000AF78607B681B68A8
:101600003B617B689B687B613B690B2B02D94FF088
:10161000FF3372E03869FFF79BF90346002B02D1D4
:101620004FF0FF3369E0FEF7B5FF364B3A69D2B2AF
:101630009A73354A3B6952F82330002B06D1314B5F
:101640009B7CDBB203F00103002B04D0FEF7B4FF58
:101650004FF0FF3351E02C493B697A6841F8232071
:101660007B6800221A610023FB60FB68002B41D1DC
:10167000264A3B6952F823307A699A4204D9234AB0
:101680003B6952F823307B611F4A3B6952F8233093
:101690007A69DA603869FEF7A1FF7B685B687A696E
:1016A0001946FEF7AFFF3B69002B20D1164A3B6974
:1016B00052F82330DA6814493B6951F823309B68AB
:1016C0009A420BD1124B00221A700E4B9B7CDBB25C
:1016D0000C4A43F00A03DBB293740BE0094B9B7C8A
:1016E000DBB2084A43F00203DBB2937402E0054B1D
:1016F00001229A74FEF760FF002318461837BD4692
:1017000080BD00BF00100B40C00B0020F00B00207C
:10171000200C002090B587B000AF78607B681B6814
:101720003B613B690B2B02D94FF0FF33ABE0FEF777
:1017300031FF3869FFF70CF90346002B04D1FEF79F
:101740003BFF4FF0FF339EE03869FFF7BDF90346DA
:10175000002B04D0FEF730FF4FF0FF3393E04C4AEC
:101760003B6952F82330002B04D0FEF725FF4FF0E1
:10177000FF3388E07B6800221A617B680022DA6010
:1017800043493B697A6841F82320424B3A69D2B217
:101790009A733B69002B73D00023FB60FB68002B1E
:1017A0006ED13C4B9B7DDBB203F00103002B59D083
:1017B000384B1B8B9BB27B617B689A687B68DB68CC
:1017C000D31A7A699A4205D97B689A687B68DB6884
:1017D000D31A7B617B685A687B68DB68D4183869E8
:1017E000FEF7FCFE03467A6919462046FEF73CFFE9
:1017F0007B68DA687B691A447B68DA60254B9B7DDD
:10180000DBB2244A23F00103DBB293757B681B7FB4
:10181000012B05D07B68DA687B689B689A4212D1FD
:10182000FEF7CAFE1A4A3B69002142F823107B6882
:101830005B69002B05D07B685B697A68926910460A
:10184000984700231FE0134B1B899BB21AB201215A
:101850003B6901FA03F31BB213431AB20D4B92B268
:101860001A810DE00B4B1B899BB21AB201213B6917
:1018700001FA03F31BB213431AB2064B92B21A8158
:10188000FEF79AFE002318461C37BD4690BD00BFE8
:10189000C00B002000100B4080B584B000AF0346A1
:1018A000B9607A60FB73FB7B082B02D8BB68002B06
:1018B00002D14FF0FF330FE0FB7B0949BA6841F8D2
:1018C0003320FB7B064ADB0013447A685A60FB7BBB
:1018D0001846FFF7E9FC034618461037BD4680BDA1
:1018E000380C002080B584B000AF0346FB714FF088
:1018F000FF33FB60FB79082B02D94FF0FF3310E078
:10190000FB791846FFF738FDF860FB79074A00219C
:1019100042F83310FB79054ADB00134400225A6079
:10192000FB6818461037BD4680BD00BF380C00204C
:1019300080B582B000AF0346FB71FB79082B02D95A
:101940004FF0FF3304E0FB791846FFF77DFD0346B7
:1019500018460837BD4680BD80B500AF5348FFF735
:101960007FFB524B1B7803F02003DBB2002B0AD025
:101970004F4B9B6A002B06D04D4B9B6A4C4AD26A58
:10198000114605209847494B1B7803F04003DBB212
:10199000002B0AD0464B1B6B002B06D0444B1B6B15
:1019A000434A526B114606209847404B1B7803F080
:1019B0000803DBB2002B0AD03D4B9B69002B06D0FD
:1019C0003B4B9B693A4AD269114603209847374BF3
:1019D0001B7823F07F03DBB2002B0AD0344B9B6BC8
:1019E000002B06D0324B9B6B314AD26B114607203D
:1019F00098472E4B1B7803F00103DBB2002B0AD073
:101A00002B4B1B68002B06D0294B1B68284A5268B9
:101A1000114600209847254B1B7803F00203DBB2E8
:101A2000002B0AD0224B9B68002B06D0204B9B68D2
:101A30001F4AD2681146012098471C4B1B7803F0BF
:101A40000403DBB2002B0AD0194B1B69002B06D014
:101A5000174B1B69164A5269114602209847134BCF
:101A60001B7803F01003DBB2002B0AD0104B1B6A6B
:101A7000002B06D00E4B1B6A0D4A526A11460420F9
:101A800098470A4B5B7803F00103DBB2002B0AD0C6
:101A9000074B1B6C002B06D0054B1B6C044A526C89
:101AA00011460820984700BF80BD00BF340C0020BD
:101AB000380C002080B582B000AF7860104B002257
:101AC0001A70104B00221A700F4B00221A7010224D
:101AD00000210E480DF06AFF0D4A0E49002000F06B
:101AE000F1FC7B689A780C4B1A7000220B4900209D
:101AF00000F0C6FC034618460837BD4680BD00BF4F
:101B0000880C0020890C00208A0C0020C80E0020C0
:101B1000DC0E0020D80E00208B0C0020F11F0010DE
:101B200080B483B000AF03463960FB71FB79032BAF
:101B300002D94FF0FF3305E0FB7905493A6841F8D7
:101B40002320002318460C37BD465DF8047B704700
:101B5000C80E002080B584B000AF7860574B0022DB
:101B60001A60574B00221A607B685B88402B07D8AD
:101B70007B68DB88402B03D87B685B89402B02D9CC
:101B80004FF0FF3395E07B681A784E4B1A704D4B3F
:101B90001B7818467B685B881A460121FEF762FEB7
:101BA000F860FB68002B03D000F0ACF8FB6880E025
:101BB0007B681A79444B1A70434B1B7818467B6834
:101BC000DB881A460221FEF74DFEF860FB68002B09
:101BD00003D000F097F8FB686BE07B681A7A3B4B08
:101BE0001A703A4B1B7818467B685B891A460221AB
:101BF000FEF738FEF860FB68002B03D000F082F897
:101C0000FB6856E081223249324800F059FB242219
:101C1000002131480DF0CAFE2B4B1B781A462E4B83
:101C20001A602D4B2D4A5A602B4B2D4A5A612A4B74
:101C3000294A9A61284B01221A77812229492A4888
:101C400000F03EFB2422002128480DF0AFFE1D4B82
:101C50001B781A46254B1A60244B254A5A60234BA1
:101C600040229A60214B234A5A61204B1F4A9A61B5
:101C70001E4B01221A77242200211F480DF096FEE8
:101C8000124B1B781A461C4B1A601C4B1A781C4BC3
:101C90001A71194B1A4A5A60174B0A229A60164B4E
:101CA00000225A61144B00229A61134B00221A77CA
:101CB000002318461037BD4680BD00BF800C0020B1
:101CC000840C0020880C0020890C00208A0C002045
:101CD000140D0020980D0020B00C0020D40C002022
:101CE000591F0010100E0020940E0020AC0D002093
:101CF000D00D0020391F0010A40E00208B0C0020F6
:101D00001400002080B500AF1A48FFF741FC1A4BC1
:101D10001B78002B07D0184B1B781846FEF712FFD4
:101D2000154B00221A70154B1B78002B07D0134B54
:101D30001B781846FEF706FF104B00221A70104B56
:101D40001B78002B07D00E4B1B781846FEF7FAFEC7
:101D50000B4B00221A700B4800F032FB0A4800F0CF
:101D60002FFB0A4B00221A60094B00221A60002345
:101D7000184680BDAC0D0020880C0020890C002086
:101D80008A0C0020980D0020940E0020800C00206A
:101D9000840C002080B400AF034B1B681846BD467E
:101DA0005DF8047B704700BF800C002080B584B0D4
:101DB00000AF786039600023FB601FE0144B1B68A4
:101DC000002B02D06FF001031DE0124B1B68002BAB
:101DD00001D1002317E000F055F807F10B03194675
:101DE0000D4800F0C0FA0346002BE7D17A68FB6883
:101DF0001344FA7A1A70FB680133FB60FA683B6897
:101E00009A42EAD3FB6818461037BD4680BD00BF32
:101E1000840C0020800C0020940E002080B584B03B
:101E200000AF786039600023FB6018E07A68FB68D7
:101E300013441B781946114800F05CFA0346002B46
:101E400006D1FB680133FB603B68013B3B6006E069
:101E50000B4B9B68002B02D1094800F07DF83B68D2
:101E6000002BE3D1064B9B68002B02D1044800F005
:101E700073F8FB6818461037BD4680BD980D0020EA
:101E8000B00C002080B582B000AF00237B60234BF4
:101E90001B68002B34D015E0214B5B681B7819467A
:101EA000204800F027FA0346002B10D101237B6065
:101EB0001B4B5B6801331A4A5360194BDB68013BCB
:101EC000174AD360164BDB68002BE5D100E000BF5A
:101ED000134BDB68002B13D1134B1B78002B0FD057
:101EE000124B1B68002B0BD00C4B00221A600C4BC2
:101EF00000221A610A4B0E4A5A600948FFF70AFC91
:101F00007B68002B06D00B4BDB68002B02D0094B03
:101F1000DB68984700BF0837BD4680BDA80D00208C
:101F2000AC0D0020940E0020880C0020800C0020B6
:101F3000D00D0020C80E002080B582B000AF7860C0
:101F4000044B01221A60FFF79DFF00BF0837BD4612
:101F500080BD00BFA80D002080B584B000AF7860C0
:101F60001F4B1B69002B30D11E4B1B78002B2CD034
:101F70001D4800F037FA0346002B26D10023FB60F2
:101F800011E007F10B031946174800F0ECF903467E
:101F9000002B0CD1F97A154AFB6813440A461A70D3
:101FA000FB680133FB60FB683F2BEAD900E000BF10
:101FB0000B4B0E4A5A60FB68094A9360084B00229B
:101FC000DA600748FFF716FB06E0054B00229A602F
:101FD000034B00221A6100BF00BF1037BD4680BD11
:101FE000B00C0020890C0020980D0020D40C00209B
:101FF00080B584B000AF786039604FF0FF33FB608C
:102000007B681B7803F01F03012B6AD17B689A88D9
:102010003C4B1B789BB29A4263D17B685B78203B38
:10202000032B58D801A252F823F000BF3D20001026
:102030004F20001061200010BB20001000F0A0F81D
:10204000F860FB68002B48D10123FB6045E000F0FD
:10205000D3F8F860FB68002B41D10123FB603EE020
:102060007B685B8803F00103002B16D02648FFF73E
:10207000C1FA264B00221A60254B264A5A60244892
:10208000FFF748FB244B01221A60244B1B68002BEE
:1020900010D0224B1B6898470CE01F4B00221A609F
:1020A0001B48FFF775FA1D4B5B68002B02D01B4BDA
:1020B0005B6898470023FB6012E07B685B88002B1D
:1020C00003D0174B01221A6002E0154B00221A6060
:1020D0000023FB6004E000BF0FE000BF0DE000BF85
:1020E0000BE0104B1B68002B07D00E4B1B680E4AF1
:1020F0001268114678689847F860FB6818461037F0
:10210000BD4680BD8B0C0020A40E0020A80D002031
:10211000AC0D0020D00D0020800C0020C80E002047
:10212000840C0020D80E0020DC0E002080B584B086
:1021300000AF78600023FB607B68BB60BB681B69F5
:10214000002B13D10D4B9B68002B03D00B4B9B68CE
:102150009847F860FB68B3F1FF3F03D10020FEF71A
:102160000DFC06E00020FEF777FD02E00020FEF700
:1021700005FC00BF1037BD4680BD00BFC80E002063
:1021800080B500AF242200210D480DF00FFC0C4B50
:1021900000221A600A4B0B4A5A60094B07229A60C8
:1021A000074B094A5A61064B054A9A61044B0022C3
:1021B0001A770348FFF7AEFA0346184680BD00BF02
:1021C0008C0C00200C0000202D21001080B584B064
:1021D00000AF78607B68FB60FB681B69002B03D154
:1021E0000020FEF739FD02E00020FEF7C7FB00BF2C
:1021F0001037BD4680BD000080B500AF242200210D
:102200000D480DF0D3FB0C4B00221A600A4B0B4A11
:102210005A60094B07229A60074B094A5A61064BDC
:10222000054A9A61044B00221A770348FFF7E2F946
:102230000346184680BD00BF8C0C00200C00002017
:10224000CD21001080B483B000AFEFF310833B606A
:102250003B687B607B68002B0CBF01230023DBB253
:102260001A46044B1A6000BF0C37BD465DF8047B6C
:10227000704700BF2000002080B500AFFFF7E2FFED
:10228000054B1B68002B01D072B600BF024B012228
:102290005A6000BF80BD00BF2000002080B500AFA5
:1022A000064B1B68002B01D062B600BF034B002217
:1022B0005A60FFF7C7FF00BF80BD00BF20000020AD
:1022C00080B584B000AFF860B9607A60FFF7D4FFE2
:1022D000FB6800229A60FB680022DA60FB68BA683B
:1022E0005A60FB687A681A60FFF7D8FF00BF1037A2
:1022F000BD4680BD80B582B000AF78600B46FB70F4
:102300007B68DA687B689B68013B9A420AD07B68ED
:102310009B68002B09D17B68DA687B681B68013BEE
:102320009A4202D14FF0FF3319E0FFF7A5FF7B6817
:102330005A687B68DB681344FA781A707B68DB683C
:102340005A1C7B68DA607B68DA687B681B689A4293
:1023500002D17B680022DA60FFF7A0FF0023184655
:102360000837BD4680BD80B582B000AF7860396067
:102370007B689A687B68DB689A4202D14FF0FF3332
:102380001AE0FFF779FF7B685A687B689B68134403
:102390001A783B681A707B689B685A1C7B689A6045
:1023A0007B689A687B681B689A4202D17B6800222E
:1023B0009A60FFF773FF002318460837BD4680BDBB
:1023C00080B582B000AF7860FFF756FF7B680022CF
:1023D0009A607B680022DA60FFF760FF00BF083771
:1023E000BD4680BD80B483B000AF78607B689A68DA
:1023F0007B68DB689A420CBF01230023DBB21846DE
:102400000C37BD465DF8047B704780B584B000AFE3
:1024100078607B68FB60FB681B69002B03D10020A0
:10242000FEF71AFC02E00020FEF7A8FA24220021A1
:10243000F8680DF0BBFA00BF1037BD4680BD000044
:1024400080B500AF3822002109480DF0AFFA2822EC
:10245000002108480DF0AAFA074B00221A7000224A
:1024600006490820FFF718FA0346184680BD00BF4A
:10247000E00E0020480F0020700F00208125001082
:1024800080B485B000AF0346B9607A60FB73FB7B14
:10249000062B02D94FF0FF330BE0FB7B0849BA68EB
:1024A00041F83320FB7B064ADB0013447A685A600C
:1024B000002318461437BD465DF8047B704700BF03
:1024C000E00E002080B485B000AF0346B9607A60AA
:1024D000FB73FB7B062B02D94FF0FF330DE0FB7B38
:1024E000094A52F83320BB681A60FB7B064ADB00BE
:1024F00013445A687B681A60002318461437BD4697
:102500005DF8047B704700BFE00E002080B483B00C
:1025100000AF03463960FB711346BB71FB79042B96
:1025200002D8BB79052B02D94FF0FF331DE0FB79B0
:10253000032B01D80023BB71FA79BB7913440E49F0
:102540003A6841F82320FB79012B0DD10A4B5B68D7
:10255000DB7903F04003002B06D0084B1B7843F0D7
:102560000103DAB2054B1A70002318460C37BD463A
:102570005DF8047B704700BF480F0020700F0020FB
:1025800080B586B000AF03463960FB7107F10C03DC
:102590001846FEF765FF0346002B02DA4FF0FF33C3
:1025A00050E02A4B5B68002B03D04FF0FF337B6178
:1025B0003AE03B7B03F06003402B1FD0402B2FDC25
:1025C000002B02D0202B07D02AE007F10C0318467D
:1025D00000F040F8786127E01D4B1B68002B09D004
:1025E0001B4B1B681A4A516807F10C0210469847AA
:1025F000786119E04FF0FF337B6115E0144B9B6865
:10260000002B09D0124B9B68114AD16807F10C02CC
:1026100010469847786107E04FF0FF337B6103E095
:102620004FF0FF337B6100BF7B69002B09DC7B69C6
:10263000002B03D10020FEF70FFB02E00020FEF785
:102640009DF97B6918461837BD4680BD240F0020D0
:10265000E00E002080B584B000AF78607B685B78C6
:102660000C2B54D801A252F823F000BFA126001071
:10267000AB2600100F270010B52600100F27001002
:10268000BF260010CD260010D7260010DF26001030
:10269000E9260010F3260010FD2600100727001081
:1026A000786800F03DF8F86035E0786800F0B2F83E
:1026B000F86030E0786800F027F9F8602BE07B687C
:1026C0005B881846FEF74CFFF86024E0786800F05D
:1026D00099F9F8601FE04FF0FF33FB601BE078686A
:1026E00000F098FAF86016E0786800F0CBFAF8602D
:1026F00011E0786800F0F4FAF8600CE0786800F017
:102700003DFBF86007E04FF0FF33FB6003E04FF064
:10271000FF33FB6000BFFB6818461037BD4680BD25
:10272000B0B584B000AF78607B685B88002B0DD1BA
:102730007B68DB88022B09D17B681B7803F01F03C1
:10274000002B06D17B689B88002B02D04FF0FF3313
:1027500053E07B681B7803F01F03022B19D17B68C1
:102760009B8803F00F031846FEF7AEF9F860FB688C
:10277000002B01DAFB6840E0FB68002BCCBF012393
:102780000023DBB21A461F4B1A701E4B00225A70F0
:1027900019E07B681B7803F01F03012B06D1194B4E
:1027A00000221A70174B00225A700CE07B681B78CD
:1027B00003F01F03002B06D1134B1A78114B1A702C
:1027C000104B00225A70114A114B14461D460FCD72
:1027D0000FC40FCD0FC42B6823600C4B094A5A60FD
:1027E0000A4B02229A600948FEF704FFF860FB6872
:1027F000002B01D10123FB60FB6818461037BD4652
:10280000B0BD00BF200F0020700F0020240F00205B
:10281000C457011080B584B000AF78607B681B7826
:102820005BB2002B17DB7B68DB88002B13D17B6846
:102830005B88002B05D17B681B7803F01F03022BFC
:1028400009D17B685B88012B08D17B681B7803F07A
:102850001F03002B02D04FF0FF334CE07B685B88F6
:10286000002B10D17B689B88002B0CD07B689B8849
:1028700003F00F031846FEF7E3F8F860FB68002B3F
:1028800038DAFB6837E07B685B88012B19D11C4B79
:102890001B6B002B12D01A4B1B6B002178689847DA
:1028A000F860FB68002B01DAFB6824E0154B1B780D
:1028B00023F00203DAB2134B1A701BE04FF0FF3320
:1028C00019E07B685B88022B11D10D4B1B6B002B31
:1028D0000AD00B4B1B6B002178689847F860FB68A7
:1028E000002B07DAFB6806E04FF0FF3303E04FF000
:1028F000FF3300E0002318461037BD4680BD00BFFF
:10290000E00E0020700F002080B584B000AF78602A
:102910007B68DB88002B1DD17B685B88002B05D191
:102920007B681B7803F01F03022B13D17B685B8845
:10293000012B05D17B681B7803F01F03002B09D105
:102940007B685B88022B08D17B681B7803F01F0330
:10295000002B02D04FF0FF334CE07B685B88002BEC
:1029600010D17B689B88002B0CD07B689B8803F080
:102970000F031846FEF702F8F860FB68002B38DA00
:10298000FB6837E07B685B88012B19D11B4B9B6A86
:10299000002B12D0194B9B6A002178689847F86089
:1029A000FB68002B01DAFB6824E0154B1B7843F031
:1029B0000203DAB2124B1A701BE04FF0FF3319E03A
:1029C0007B685B88022B11D10C4B9B6A002B0AD0D1
:1029D0000A4B9B6A002178689847F860FB68002BD7
:1029E00007DAFB6806E04FF0FF3303E04FF0FF33F8
:1029F00000E0002318461037BD4680BDE00E0020E1
:102A0000700F0020B0B586B000AF786000233B6146
:102A10000023FB817B685B881B0A9BB2013B062B72
:102A200000F2AC8001A252F823F000BF492A001046
:102A30007F2A0010C72A00107D2B00107D2B00106C
:102A4000FD2A0010332B00107B681B7803F01F0356
:102A5000002B03D17B689B88002B02D00023FB81D5
:102A6000A1E0684B1B683B613B69002B02D100234E
:102A7000FB8198E03B691B789BB2FB8193E07B680C
:102A80001B7803F01F03002B03D17B689B88002B6E
:102A900002D00023FB8186E05A4B5B683B613B69B7
:102AA000002B02D10023FB817DE03B6903331B78BF
:102AB0009BB21B029AB23B6902331B789BB2134450
:102AC0009BB2FB816FE07B681B7803F01F03002B38
:102AD00053D17B685B88DBB2052B0CDC7B685B88A1
:102AE000DBB20433474A52F823303B613B691B7821
:102AF0009BB2FB8157E00023FB8154E07B681B788D
:102B000003F01F03002B03D17B689B88002B02D0AE
:102B10000023FB8147E03B4BDB683B613B69002BBB
:102B200002D10023FB813EE03B691B789BB2FB8115
:102B300039E07B681B7803F01F03002B03D17B680F
:102B40009B88002B02D00023FB812CE02D4B9B683F
:102B50003B613B69002B02D10023FB8123E03B69F1
:102B600003331B789BB21B029AB23B6902331B787A
:102B70009BB213449BB2FB8115E000BF224B1B6844
:102B8000002B0DD0204B1B6807F10E0207F110013E
:102B9000786898473B69002B04D10023FB8101E052
:102BA0000023FB8100BF7B68DA88FB899A4202D24E
:102BB0007B68DB88FB81FB89002B03D14FF0FF335F
:102BC0007B6114E0114A124B14461D460FCD0FC411
:102BD0000FCD0FC42B6823603B690C4A5360FB89FF
:102BE0001A460A4B9A600948FEF704FD78617B6932
:102BF000002B01D101237B617B6918461837BD4644
:102C0000B0BD00BF480F0020180F0020240F002087
:102C1000C4570110B0B584B000AF78607B685B88A2
:102C2000002B07D17B689B88002B03D17B68DB8856
:102C3000012B02D04FF0FF3319E00F4A0F4B14461F
:102C40001D460FCD0FC40FCD0FC42B6823600A4B58
:102C50000B4A5A60084B01229A600748FEF7CAFCEB
:102C6000F860FB68002B01D10123FB60FB6818466C
:102C70001037BD46B0BD00BF240F0020C45701105F
:102C80001C0F002080B582B000AF78607B689B8805
:102C9000002B03D17B68DB88002B02D04FF0FF3381
:102CA00016E00D4B1B69002B0CD00B4B1B690A4A1D
:102CB00052691146786898470346002B02DA4FF0B4
:102CC000FF3305E07B685B88DAB2044B1A7000239F
:102CD00018460837BD4680BDE00E00201C0F0020BE
:102CE000B0B584B000AF78607B685B88002B03D1FF
:102CF0007B68DB88012B02D04FF0FF3332E01B4BA7
:102D00001B6A002B11D0194B1B6A184A526A1146D4
:102D100078689847F860FB68002B01DAFB6821E0CF
:102D2000FB68DAB2124B1A7002E0114B00221A70E3
:102D3000104A114B14461D460FCD0FC40FCD0FC4C2
:102D40002B6823600B4B0A4A5A600A4B01229A6097
:102D50000848FEF74FFCF860FB68002B01D1012307
:102D6000FB60FB6818461037BD46B0BDE00E002082
:102D7000200F0020240F0020C457011080B582B01E
:102D800000AF78607B68DB88002B02D04FF0FF3308
:102D900018E00E4B9B69002B0CD00C4B9B690B4A27
:102DA000D2691146786898470346002B09DA4FF03C
:102DB000FF3307E07B685B88002B02D04FF0FF33C6
:102DC00000E0002318460837BD4680BDE00E002015
:102DD00080B400AF034B00221A7000BFBD465DF8FF
:102DE000047B70471C0F002080B582B000AF786074
:102DF000786800F00FF80837BD4680BD80B582B016
:102E000000AF7860786800F029F803461846083764
:102E1000BD4680BD80B485B000AF78607B680C4A49
:102E2000934208D07B680B4A934201D1012303E00F
:102E30004FF0FF3300E00023FB60074AFB680021EE
:102E400042F8231000BF1437BD465DF8047B70477D
:102E50000080024000500340740F002080B582B013
:102E600000AF78607B68002B43DB7B680F2B40DC76
:102E700023497A6813469B0013449B000B441B684C
:102E8000002B36D001211F4802F036FE0346002BEE
:102E900002D06FF005032EE019497A6813469B00B3
:102EA00013449B000B4400221A6015497A681346AC
:102EB0009B0013449B000B440C331B6800221A60D8
:102EC0000F497A6813469B0013449B000B440C3354
:102ED00019680B487A6813469B0013449B0003440F
:102EE0000C331B684A685A60064802F02CFE002327
:102EF00001E06FF0020318460837BD4680BD00BFF1
:102F00007C0F0020BC10002080B485B000AF78603A
:102F1000134B1B78002B1CD10023FB6013E0002314
:102F2000BB600AE00F49FB685A01BB6813440022EA
:102F300041F82320BB680133BB60BB681F2BF1DD68
:102F4000FB680133FB60FB68012BE8DD044B0122C9
:102F50001A70002318461437BD465DF8047B70478D
:102F6000C0110020C010002080B582B000AF786092
:102F70007B6803F00103002B02D0002002F01DFE4D
:102F80007B6803F00203002B02D0012002F015FE43
:102F90007868FFF7B9FF034618460837BD4680BD7D
:102FA00080B584B000AF78607B681B68FB607B688D
:102FB000197A7B685B681A46F86800F04DF9B860CA
:102FC000BB68002B01D0BB6895E07B685B7A042B63
:102FD00000F2858001A252F823F000BFF12F00100B
:102FE00047300010AD300010133000107930001061
:102FF000FB681A6E7B685B68DB431A40FB681A66E5
:10300000FB685A6E7B685B68DB431A40FB685A6654
:1030100068E0FB681A6E7B685B681A43FB681A6697
:10302000FB685A6E7B685B68DB431A40FB685A6634
:10303000FB68D3F8B8207B685B68DB431A40FB6809
:10304000C3F8B8204EE0FB681A6E7B685B681A43D1
:10305000FB681A66FB685A6E7B685B68DB431A4044
:10306000FB685A66FB68D3F8B8207B685B681A4334
:10307000FB68C3F8B82035E0FB681A6E7B685B68B4
:10308000DB431A40FB681A66FB685A6E7B685B6814
:103090001A43FB685A66FB68D3F8B8207B685B6804
:1030A000DB431A40FB68C3F8B8201BE0FB681A6ECC
:1030B0007B685B68DB431A40FB681A66FB685A6EE4
:1030C0007B685B681A43FB685A66FB68D3F8B820D4
:1030D0007B685B681A43FB68C3F8B82002E06FF0B6
:1030E000020308E07B68997A7B685B681A46F86897
:1030F00000F03CF8034618461037BD4680BD00BFBF
:1031000080B582B000AF786039603968786800F0C7
:103110003FF8034618460837BD4680BD80B582B0EB
:1031200000AF786039603968786800F040F800BF17
:103130000837BD4680BD80B582B000AF7860396089
:103140003968786800F041F800BF0837BD4680BD97
:1031500080B582B000AF786039603968786800F077
:1031600042F8034618460837BD4680BD80B584B096
:1031700000AFF8600B467A60FB72FB7A7A681946FA
:10318000F86800F03FF8034618461037BD4680BD8A
:1031900080B483B000AF786039607B685A6A3B685E
:1031A000134018460C37BD465DF8047B704780B469
:1031B00083B000AF786039607B683A68DA6100BF3D
:1031C0000C37BD465DF8047B704780B483B000AF18
:1031D000786039607B683A681A6200BF0C37BD4678
:1031E0005DF8047B704780B483B000AF78603960CD
:1031F0007B689A693B68134018460C37BD465DF8FA
:10320000047B704780B485B000AFF8600B467A60ED
:10321000FB72FB7A002B02D0012B0AD012E0FB6874
:10322000D3F8C0207B68DB431A40FB68C3F8C0209A
:103230000BE0FB68D3F8C0207B681A43FB68C3F837
:10324000C02002E06FF0020300E0002318461437AC
:10325000BD465DF8047B704780B485B000AFF86070
:103260000B467A60FB72FB681A6B7B681A43FB683B
:103270001A63FB687A685A60FB7A052B68D801A24A
:1032800052F823F09D320010BF320010E1320010DE
:10329000FD3200101933001035330010FB687A68D6
:1032A0005A61FB687A685A60FB687A681A67FB683B
:1032B0007A68DA67FB687A68C3F888204BE0FB68B5
:1032C0007A681A61FB687A685A60FB687A681A67DC
:1032D000FB687A68DA67FB687A68C3F888203AE0A6
:1032E000FB687A68C3F88820FB687A68DA67FB684D
:1032F0007A681A67FB687A689A602CE0FB687A68DB
:10330000C3F88820FB687A68DA67FB687A68DA664F
:10331000FB687A689A601EE0FB687A68C3F88820C8
:10332000FB687A689A67FB687A681A67FB687A684C
:103330009A6010E0FB687A68C3F88820FB687A68B6
:103340009A67FB687A68DA66FB687A689A6002E0D6
:103350006FF0020300E0002318461437BD465DF805
:10336000047B704780B584B000AFF860B9607A60C4
:10337000FB68002B02D14FF0FF3338E0F86800F013
:1033800063F8FB681C4A934203D0FB681B4A9342D4
:1033900006D10D2002F011FC1948FFF701FE20E0D4
:1033A000FB68184A934203D0FB68174A934206D140
:1033B0001C2002F002FC1548FFF7F2FD11E0FB684B
:1033C000134A934203D0FB68124A934206D1382035
:1033D00002F0F3FB1048FFF7E3FD02E06FF001039A
:1033E00005E07A68B968F86800F080F90346184685
:1033F0001037BD4680BD00BF00D0014000D0114055
:10340000E857011000E0014000E01140F4570110BE
:1034100000F0014000F011400058011080B584B068
:1034200000AFF860B9607A607B68002B02D06FF063
:10343000100305E07A68B968F86800F053FA0346AB
:1034400018461037BD4680BD80B584B000AF7860A7
:103450007B68414A934203D07B68404A934203D140
:103460000D2002F080FB1AE07B683D4A934203D0B6
:103470007B683C4A934203D11C2002F074FB0EE0AF
:103480007B68394A934203D07B68384A934203D120
:10349000382002F068FB02E06FF0010358E07B681F
:1034A0002D4A934223D07B682D4A93421DD07B68DE
:1034B0002D4A934217D07B68284A934210D07B68EC
:1034C000284A934209D07B68284A934202D148F2A5
:1034D00002030DE04FF0FF330AE048F2010307E07A
:1034E0004FF4004304E0022302E0012300E0002344
:1034F000FB60FB68022B1BD0FB68022B21DCFB6806
:10350000002B03D0FB68012B09D01AE04FF0804359
:103510005B684FF0804243F48033536014E04FF017
:1035200080435B6C4FF0804243F0010353640BE037
:103530004FF080435B6C4FF0804243F48013536440
:1035400002E06FF0020303E0786800F00BFA034634
:1035500018461037BD4680BD00D0014000D0114054
:1035600000E0014000E0114000F0014000F0114097
:1035700080B582B000AF786039603968786800F053
:10358000AFFA034618460837BD4680BD80B582B005
:1035900000AF7860786800F037FB034618460837BC
:1035A000BD4680BD80B582B000AF7860786800F01D
:1035B00061FB034618460837BD4680BD80B582B022
:1035C00000AF7860786800F079FB0346184608374A
:1035D000BD4680BD80B584B000AFF860B9607A6048
:1035E0007A68B968F86800F087FB03461846103718
:1035F000BD4680BD80B584B000AFF860B9607A6028
:103600007A68B968F86800F0A2FB034618461037DC
:10361000BD4680BD80B582B000AF7860786800F0AC
:10362000C2FB00BF0837BD4680BD80B582B000AF89
:103630007860786800F0CFFB00BF0837BD4680BDDA
:1036400080B584B000AFF860B9607A607A68B96814
:10365000F86800F0D8FB00BF1037BD4680BD80B5CC
:1036600082B000AF786039603968786800F0DDFBBF
:10367000034618460837BD4680BD80B582B000AF0E
:103680007860786800F074FC034618460837BD4639
:1036900080BD80B582B000AF7860396039687868E5
:1036A00000F0AEFD034618460837BD4680BD80B524
:1036B00082B000AF786039603968786800F0C0FD8A
:1036C000034618460837BD4680BD000080B582B06D
:1036D00000AF7860044B1B681946786801F096F9D2
:1036E00000BF0837BD4680BD2800002080B586B0E9
:1036F00000AFF860B9607A60FB68002B02D14FF030
:10370000FF33DCE0FB68704A934220D0FB686F4ACD
:1037100093421AD0FB686E4A934214D0FB686D4AFC
:1037200093420ED0FB686C4A934208D0FB686B4A08
:10373000934201D102230BE04FF0FF3308E0012355
:1037400006E0002304E0022302E0012300E000235E
:10375000FB751021F868FFF782FF38613B69002B89
:1037600001D03B69ABE0FB681B6843F00102FB68DA
:103770001A60F868FFF74EFFF868FFF756FF02215E
:10378000F868FFF794FF0621F868FFF782FFBB682F
:10379000002B34D100227968F868FFF73FFEFB6800
:1037A000494A934223D0FB68484A93421DD0FB68A4
:1037B000474A934217D0FB68464A934210D0FB68B1
:1037C000454A934209D0FB68444A934202D148F2E9
:1037D00002030DE04FF0FF330AE048F2010307E077
:1037E0004FF4004304E0022302E0012300E0002341
:1037F0003B4A5B011344043300221A6034E0FB6847
:103800001B6843F00202FB681A60FB682E4A934271
:1038100023D0FB682D4A93421DD0FB682C4A93426B
:1038200017D0FB682B4A934210D0FB682A4A934278
:1038300009D0FB68294A934202D148F202030DE005
:103840004FF0FF330AE048F2010307E04FF4004372
:1038500004E0022302E0012300E00023204A5B0190
:103860001344043301221A6097F917301C4A5B0194
:10387000134408336FF001021A6097F91730184AA1
:103880005B0113440C336FF001021A6097F9173093
:10389000134A5B011344103300221A6097F9173062
:1038A0000F4A5B011344143300221A6097F9173052
:1038B0000B4A5B011344183300221A700023184688
:1038C0001837BD4680BD00BF00D0014000E0014078
:1038D00000F0014000D0114000E0114000F0114024
:1038E000C411002080B485B000AFF860B9607A6080
:1038F000FB68002B02D14FF0FF332DE07B68032BD8
:1039000002D96FF0100327E0BB68B3F5806F02D3D4
:103910006FF0020320E0FA687B6812339B001344C7
:1039200000225A60BB687F2B07D9FA687B68123384
:103930009B0013444FF400425A60FA687B681233CC
:103940009B0013445A68BB681A43F9687B681233BA
:103950009B000B445A60002318461437BD465DF89F
:10396000047B704780B58CB000AF78607B68002B1B
:1039700002D14FF0FF33A1E07B68524A934220D03E
:103980007B68514A93421AD07B68504A934214D0C4
:103990007B684F4A93420ED07B684E4A934208D0D0
:1039A0007B684D4A934201D102230BE04FF0FF3375
:1039B00008E0012306E0002304E0022302E00123E3
:1039C00000E0002387F82F307B6800221A607B68B4
:1039D0000022DA607B6800225A617B689A687B6803
:1039E0009A607B681A697B681A617B680022DA61D9
:1039F0007B6800221A627B6800225A627B68002280
:103A00009A6297F92F30354A5B01134418462023F8
:103A10001A4600210BF0CAFF7868FFF7FBFD7868B3
:103A2000FFF703FE97F92F302C4A5B01134418333C
:103A30001B78002B41D097F92F30284A5B011344A3
:103A40001C331B681846FFF7CFF997F92F30234A2C
:103A50005B01134408331B68002B12DB97F92F30EE
:103A60001E4A5B01134408331B681846FFF7C6F96A
:103A700097F92F30194A5B01134408336FF00102A4
:103A80001A6097F92F30154A5B0113440C331B68F9
:103A9000002B12DB97F92F30104A5B0113440C33D3
:103AA0001B681846FFF7AAF997F92F300B4A5B01FC
:103AB00013440C336FF001021A60002318463037AC
:103AC000BD4680BD00D0014000E0014000F0014053
:103AD00000D0114000E0114000F01140C41100205E
:103AE00080B588B000AF786039607B68002B02D168
:103AF0004FF0FF337AE03B683E4A934240D93B683F
:103B00003D4A93423CD83D4B1B685A083B68B2FB88
:103B1000F3F37B617B695B00394AA2FB03235B08FB
:103B2000013B3B617B69364AA2FB03235B08013BF7
:103B3000BB617B6903F00103002B02D0BB69013339
:103B4000BB61BB690F2B02DC3B690F2B02DD6FF001
:103B500002034BE03B69DBB23B61BB691B029BB2DA
:103B6000BB613A69BB6913431A467B68DA637B68B9
:103B70001B6843F400427B681A60224B3B6006E0FE
:103B80003B681D4A934202D96FF002032EE01B4BA3
:103B90001B685A083B68B2FBF3F37B617B695B08E7
:103BA000013BFB617B695B08013BFB607B6903F0C8
:103BB0000103002B02D0FB690133FB61FB69B3F504
:103BC000007F02D2FB68002B02D16FF002030DE0F0
:103BD000FB68C3F308027B685A63FB69C3F30802FE
:103BE0007B689A637868FFF7D1FC03461846203754
:103BF000BD4680BD40420F0040E133000000002080
:103C0000ABAAAAAA801A060080B485B000AF78607B
:103C10000223FB607B681B6803F40043002B0DD07C
:103C20007B68DB6BDBB2FA681344FB607B68DB6BA1
:103C30001B0ADBB2FA681344FB600DE07B685B6B28
:103C4000C3F30803FA681344FB607B689B6BC3F300
:103C50000803FA681344FB60054B1B685A08FB68AD
:103C6000B2FBF3F318461437BD465DF8047B70478A
:103C70000000002080B483B000AF78607B68002B28
:103C800002D14FF0FF3313E07B681B6B03F001039D
:103C9000002B06D07B681B6B43F002027B681A6323
:103CA00005E07B681B6B43F001027B681A6300230D
:103CB00018460C37BD465DF8047B704780B483B06E
:103CC00000AF78607B68002B02D14FF0FF330DE02E
:103CD0007B681B6B43F004027B681A6300BF7B6840
:103CE0001B6B03F00403002BF9D1002318460C379B
:103CF000BD465DF8047B704780B487B000AFF860C4
:103D0000B9607A6000237B61FB68002B02D0BB683E
:103D1000002B0BD14FF0FF3313E0FB68D96A7B69AE
:103D20005A1C7A61BA681344CAB21A707A687B69FD
:103D30009A4205D9FB685B6803F00203002BECD0C4
:103D40007B6918461C37BD465DF8047B704780B41C
:103D500087B000AFF860B9607A6000237B61FB68D0
:103D6000002B02D0BB68002B0CD14FF0FF3314E0C6
:103D70007B695A1C7A61BA6813441B78DBB21A4615
:103D8000FB68DA627A687B699A4205D9FB685B68EE
:103D900003F01003002BEBD07B6918461C37BD469F
:103DA0005DF8047B704780B483B000AF78607B68B7
:103DB000DB6943F080027B68DA6100BF7B68DB6906
:103DC00003F08003002BF9D100BF00BF0C37BD46C4
:103DD0005DF8047B704780B483B000AF78607B6887
:103DE0005B6A43F080027B685A6200BF7B685B6A53
:103DF00003F08003002BF9D100BF00BF0C37BD4694
:103E00005DF8047B704780B485B000AFF860B9609E
:103E10007A60FB68BA689A60FB687A681A6100BFCA
:103E20001437BD465DF8047B704780B586B000AF9F
:103E3000786039607B68002B02D14FF0FF3393E04C
:103E40006FF008037B617B681B6843F001027B68AD
:103E50001A607B681B6803F48063FB607B68002B3F
:103E600002D14FF0FF337FE07B681B6843F4806230
:103E70007B681A6000233B6162E00A2001F004FEC7
:103E80007B681B6823F040027B681A600A2001F0FF
:103E9000FBFD7B681B6803F48073002B06D07B68F6
:103EA0001B6843F0C0027B681A6046E00A2001F0FC
:103EB000EBFD7B681B6823F080027B681A600A2098
:103EC00001F0E2FD7B681B6803F40073002B06D051
:103ED0007B681B6843F0C0027B681A602DE00A20F3
:103EE00001F0D2FD7B681B6843F080027B681A609A
:103EF0000A2001F0C9FD7B681B6803F40073002BE6
:103F000006D17B681B6843F0C0027B681A6014E02E
:103F10000A2001F0B9FD7B681B6843F040027B6812
:103F20001A600A2001F0B0FD7B681B6803F48073FF
:103F3000002B02D000237B6106E03B6901333B612B
:103F40003A693B689A4298D3FB68002B05D17B689D
:103F50001B6823F480627B681A607B681B6823F00F
:103F600001027B681A607B6918461837BD4680BD20
:103F700080B586B000AF78607B681B68FB6000236B
:103F80007B6100233B617B685B687F2B02D96FF00C
:103F9000100325E1FB68944A934216D0FB68934ACC
:103FA000934212D0FB68924A93420ED0FB68914A2A
:103FB00093420AD0FB68904A934206D0FB688F4A2E
:103FC000934202D06FF002030AE1FB681B6803F022
:103FD0000203002B02D16FF0060301E107226FF00C
:103FE0007F41F868FFF72CFBF868FFF71EFBF868C5
:103FF000FFF710FBFB680022DA60FB6800225A61C1
:104000007B685B69002B03D07B68DB68002B34D0B6
:104010007B685B685A00FB68DA62FB681B6B43F0E5
:104020000102FB681A6328E0FB689B6803F0200329
:10403000002B13D07B689A687B69D1187B68DA689B
:104040007B69D31A1A46F868FFF7D4FA03461A4672
:104050007B6913447B61FB6820229A60FB689B6844
:1040600003F4FE43002B08D07B687A69DA60F868B5
:10407000FFF7A4FA6FF00803B2E07B68DB687A69A7
:104080009A42D1D300221121F868FFF7D9FA7B6850
:104090005B69002B73D07B685B69B3F5807F03D9C4
:1040A000FB6800221A6203E07B685A69FB681A62A7
:1040B000F868FFF777FA00BFFB681B6B03F0020399
:1040C000002BF9D17B685B685B0043F00102FB6861
:1040D000DA6254E0FB689B6803F01103002B13D0F5
:1040E0007B681A693B69D1187B685A693B69D31AA6
:1040F0001A46F868FFF76EFA03461A463B691344FE
:104100003B61FB6810229A60FB689B6803F4FE43E6
:10411000002B08D07B683A695A61F868FFF74EFABD
:104120006FF008035CE0FB689B6803F00103002B61
:1041300025D07B685B693A699A4220D97B685A69C5
:104140003B69D31AB3F5807F03D9FB6800221A625A
:1041500005E07B685A693B69D21AFB681A62FB6802
:104160001B6B43F00202FB681A63FB6801229A6032
:104170007B685B685B0043F00102FB68DA627B6886
:104180005B693A699A42A5D37B689B69002B06D08C
:10419000FB681B6B43F00202FB681A630CE0FB68D0
:1041A0001B6B43F00402FB681A6300BFFB689B684B
:1041B00003F04003002BF9D000BFFB689B6803F0BD
:1041C0000103002BF9D0FB6841229A60FB689B68D1
:1041D00003F4FE43002B02D06FF0080300E000233D
:1041E00018461837BD4680BD00D0014000E00140B0
:1041F00000F0014000D0114000E0114000F01140FB
:1042000080B485B000AF786039607B689B69DBB2B1
:10421000FB603A68FB689A4202D96FF0020309E03A
:104220007B68DB6923F470623B681B021A437B687E
:10423000DA61002318461437BD465DF8047B7047E9
:1042400080B485B000AF786039607B689B691B0AD9
:10425000DBB2FB603A68FB689A4202D96FF0020356
:1042600009E07B685B6A23F470623B681B021A43B7
:104270007B685A62002318461437BD465DF8047BFC
:104280007047000080B584B000AF786039607B680B
:104290001C4A934223D07B681B4A93421DD07B6803
:1042A0001A4A934217D07B68194A934210D07B6810
:1042B000184A934209D07B68174A934202D148F2C8
:1042C00002030DE04FF0FF330AE048F2010307E07C
:1042D0004FF4004304E0022302E0012300E0002346
:1042E0000E4A52F82330FB60FB68DB69002B04D0D8
:1042F000FB68DB693968F868984700BF1037BD462E
:1043000080BD00BF00D0014000E0014000F001404E
:1043100000D0114000E0114000F0114024120020B4
:1043200080B483B000AF78607B680022DA607B687D
:1043300000225A617B689A687B689A607B681A6978
:104340007B681A617B68194A934223D07B68184ABC
:1043500093421DD07B68174A934217D07B68164A58
:10436000934210D07B68154A934209D07B68144A67
:10437000934202D148F202030DE04FF0FF330AE00E
:1043800048F2010307E04FF4004304E0022302E097
:10439000012300E000230B4A002142F8231000BF54
:1043A0000C37BD465DF8047B704700BF00D001406C
:1043B00000E0014000F0014000D0114000E0114059
:1043C00000F011402412002080B586B000AF786064
:1043D0008F4A7B6852F823307B618E4A7B6852F8A3
:1043E00023303B617B68002B1FD07B68012B1AD0E8
:1043F0007B68022B15D07B68B3F5004F0FD07B682C
:1044000048F20102934208D07B6848F202029342CC
:1044100001D1814B0AE0002308E0804B06E0804B8D
:1044200004E0804B02E0804B00E0804BFB60804A60
:104430007B6852F82330BB60FB689B6803F4FE4343
:10444000002B19D0FB689A68FB689A60FB681A69B0
:10445000FB681A61FB680022DA60FB6800225A617F
:10446000F868FFF7ABF86FF00801F868FFF70AFF8C
:10447000F868FFF755FF01E1BB68DB687A699A428B
:1044800043D2FB689B6803F02003002B13D0BB686A
:104490009A687B69D118BB68DA687B69D31A1A46B7
:1044A000F868FFF7A7F803461A467B6913447B6157
:1044B000FB6820229A60BB68DB687A699A4206D260
:1044C000FB68DB6843F02002FB68DA6005E0FB680C
:1044D000DB6823F02002FB68DA60BB68DB687A697E
:1044E0009A4212D1BB685B69002B0ED0FB681B6B34
:1044F00043F00202FB681A63FB6801229A60FB68C2
:10450000DB6843F00102FB68DA60BB685B693A690B
:104510009A4219D2FB689B6803F01103002B13D059
:10452000BB681A693B69D118BB685A693B69D31AE1
:104530001A46F868FFF74EF803461A463B691344DB
:104540003B61FB6810229A60BB68DB687A699A421B
:104550003AD1BB685B693A699A4235D0FB689B687F
:1045600003F00103002B2FD0FB6801229A603B6906
:10457000002B06D1BB685B685B0043F00102FB685F
:10458000DA62BB685A693B69D31AB3F5807F03D9F5
:10459000FB6800221A6205E0BB685A693B69D21ABF
:1045A000FB681A62BB685B693A699A4206D2FB688B
:1045B000DB6843F01102FB68DA6005E0FB68DB684A
:1045C00023F01102FB68DA60BB68DB687A699A4203
:1045D0004AD1BB685B693A699A4245D1FB680022BF
:1045E000DA60FB6800225A61FB689A68FB689A608F
:1045F000FB681A69FB681A61BB689B69002B19D0BC
:10460000FB681B6B43F00202FB681A6318E000BFF3
:10461000301200203C12002000F0114000E0114058
:1046200000D0114000F0014000E0014000D0014006
:1046300024120020FB681B6B43F00402FB681A6322
:10464000FB689B6803F4FE43002B05D06FF0080164
:10465000F868FFF717FE03E00021F868FFF712FE85
:10466000F868FFF75DFE09E006497B687A6941F862
:10467000232005497B683A6941F823201837BD4655
:1046800080BD00BF301200203C12002080B586B0F3
:1046900000AFF860B9607A603B60FB689B687B6143
:1046A0003B6800221A607B6903F4FE43002B4BD069
:1046B0003B686FF008021A60BB68002B04D0BB682F
:1046C0003A680421F868984707226FF07F41F8683C
:1046D000FFF799FBF868FFF77EFBF868FFF763FBCD
:1046E0007B6800221A607B68043300221A60FB6832
:1046F0007E4A934223D0FB687D4A93421DD0FB68DB
:104700007C4A934217D0FB687B4A934210D0FB68E7
:104710007A4A934209D0FB68794A934202D148F21F
:1047200002030DE04FF0FF330AE048F2010307E017
:104730004FF4004304E0022302E0012300E00023E1
:10474000704A002142F823107B681B6803F01003B5
:10475000002B06D17B6804331B6803F00103002B98
:1047600020D07B6903F01003002B0AD0BB68002B1C
:1047700004D0BB6800220221F8689847FB68102229
:104780009A60FB681B6903F00103002B0AD0BB6829
:10479000002B04D0BB6800220621F8689847FB680C
:1047A00001221A617B681A6848F220031340002B2B
:1047B00006D17B6804331B6803F00203002B68D02A
:1047C0007B6903F02003002B0AD0BB68002B04D0C8
:1047D000BB6800220321F8689847FB6820229A6092
:1047E000FB681B6903F00203002B0AD0BB68002B97
:1047F00004D0BB6800220521F8689847FB680222B4
:104800001A617B6903F40043002B42D03B6800220D
:104810001A60BB68002B04D0BB683A680421F868B2
:104820009847FB684FF400429A607B6800221A6048
:104830007B68043300221A60FB682C4A934223D021
:10484000FB682B4A93421DD0FB682A4A934217D03B
:10485000FB68294A934210D0FB68284A934209D04A
:10486000FB68274A934202D148F202030DE04FF061
:10487000FF330AE048F2010307E04FF4004304E08D
:10488000022302E0012300E000231E4A002142F837
:1048900023107B681B6803F00803002B4BD07B6957
:1048A00003F00803002B46D0FB681B6803F4006389
:1048B000002B29D0BB68002B04D0BB68002201214B
:1048C000F8689847FB684FF480029A60FB680822FA
:1048D0009A60FB684FF400429A607B684FF6217241
:1048E0001A607B68043302221A6024E000D0014081
:1048F00000E0014000F0014000D0114000E0114014
:1049000000F0114024120020BB68002B04D0BB68CB
:1049100000220021F8689847FB684FF400029A6073
:10492000FB6808229A607B6847F611721A607B6800
:10493000043301221A607B681B6803F00103002B1B
:1049400052D07B6903F04003002B42D03B68002229
:104950001A60BB68002B04D0BB683A680421F86871
:104960009847FB6840229A607B6800221A607B6847
:10497000043300221A60FB681D4A934223D0FB686F
:104980001C4A93421DD0FB681B4A934217D0FB6818
:104990001A4A934210D0FB68194A934209D0FB6827
:1049A000184A934202D148F202030DE04FF0FF3360
:1049B0000AE048F2010307E04FF4004304E0022359
:1049C00002E0012300E000230F4A002142F82310F7
:1049D0000AE07B6903F00103002B05D0FB6801228C
:1049E0009A607B6808221A6000BF1837BD4680BDF8
:1049F00000D0014000E0014000F0014000D0114033
:104A000000E0114000F011402412002080B588B071
:104A100000AF786039607B68294A934223D07B6875
:104A2000284A93421DD07B68274A934217D07B685F
:104A3000264A934210D07B68254A934209D07B686E
:104A4000244A934202D148F202030DE04FF0FF33B3
:104A50000AE048F2010307E04FF4004304E00223B8
:104A600002E0012300E00023FB61FB69002B23DB54
:104A70007B681B6803F00203002B03D0F869FFF783
:104A8000A3FC1AE0144AFB6952F82330BB617B682F
:104A9000DB68FB607B685B693B6107F1140307F12E
:104AA0000C02B9697868FFF7F1FDFA687B68DA6093
:104AB0003A697B685A6100E000BF2037BD4680BD7F
:104AC00000D0014000E0014000F0014000D0114062
:104AD00000E0114000F011402412002080B582B0A7
:104AE00000AF78607968044800F044F8034618463F
:104AF0000837BD4680BD00BF0060004080B582B071
:104B000000AF78607968044800F059F80346184609
:104B10000837BD4680BD00BF0060004080B500AFD3
:104B2000024800F072F80346184680BD006000405D
:104B300080B582B000AF78607968044800F073F8FF
:104B4000034618460837BD4680BD00BF00600040E0
:104B500080B400AF00BF064B1B6903F00803002BB5
:104B6000F9D100BF00BFBD465DF8047B704700BFB0
:104B70000060004080B582B000AF786039603B686B
:104B800003F026033B603B68002B02D16FF0020369
:104B900011E0FFF7DDFF7B681A693B681A437B6809
:104BA0001A613B6823F020033B603B68002B01D077
:104BB000FFF7CEFF002318460837BD4680BD80B5FD
:104BC00082B000AF786039603B6803F026033B6039
:104BD0003B68002B02D16FF0020312E0FFF7B8FF31
:104BE0007B681A693B68DB431A407B681A613B6843
:104BF00023F020033B603B68002B01D0FFF7A8FFA8
:104C0000002318460837BD4680BD80B483B000AF8E
:104C100078607B681B6903F0D00318460C37BD46EB
:104C20005DF8047B704780B483B000AF7860396072
:104C30007B681B693A6802F0D002D2431A407B6855
:104C40001A61002318460C37BD465DF8047B704797
:104C500080B588B002AFF860B9607A603B60FB68ED
:104C6000514A93420ED0FB68504A934208D0FB68E9
:104C70004F4A934201D1022305E04FF0FF3302E097
:104C8000012300E000237B613B68042B02DD6FF011
:104C9000020385E0474B1B685B087A6A9A4202D997
:104CA0006FF002037CE0FB683F4A93422AD14FF049
:104CB00080435B6C4FF0804243F40073536400BF49
:104CC0004FF080435B6C03F40073002BF8D14FF07E
:104CD00080439B6C4FF0804223F48043936497F8A9
:104CE0002830002B03D13448FEF75AF94DE097F8ED
:104CF0002830012B03D13148FEF752F945E06FF01F
:104D000002034DE0FB68294A93421BD14FF08043D8
:104D10005B684FF0804243F40053536000BF4FF094
:104D200080435B6803F40053002BF8D14FF08043BD
:104D30005B6A4FF0804223F0400353622048FEF745
:104D40002FF922E0FB681A4A93421BD14FF08043AF
:104D50005B684FF0804243F48043536000BF4FF0E4
:104D600080435B6803F48043002BF8D14FF080430D
:104D70005B6A4FF0804223F0800353621148FEF7D4
:104D80000FF902E06FF001030AE07B6A01933B6ACE
:104D900000933B687A68B968F86800F03FF9034609
:104DA00018461837BD4680BD00E00B400060044047
:104DB00000700440000000200C5801101858011029
:104DC000485801107858011080B584B000AF786061
:104DD0007B68234A93420ED07B68224A934208D0D4
:104DE0007B68214A934201D1022305E04FF0FF3353
:104DF00002E0012300E00023FB60786800F0FEF988
:104E00007B68174A934208D14FF080439B6C4FF068
:104E1000804243F4804393641CE07B68114A9342D0
:104E200008D14FF080435B6A4FF0804243F040036B
:104E300053620FE07B680C4A934208D14FF08043E5
:104E40005B6A4FF0804243F08003536202E06FF0F0
:104E5000030300E0002318461037BD4680BD00BFA5
:104E600000E00B40006004400070044080B485B056
:104E700000AF78607B68224A93422DD14FF0804387
:104E80009B685B0A03F00703FB60FB68062B20D8D6
:104E900001A252F823F000BFBF4E0010D34E001005
:104EA000C34E0010C74E0010B54E0010B94E001092
:104EB000CD4E0010134B1CE04FF4E10319E0124BF0
:104EC00017E0124B15E04FF4FA5312E04FF4004391
:104ED0000FE06FF002030CE07B680D4A934203D0B1
:104EE0007B680C4A934203D10B4B1B685B0800E0C4
:104EF000002318461437BD465DF8047B704700BF99
:104F000000E00B4000D8B805008793030048E80193
:104F100000600440007004400000002080B582B0B2
:104F200000AF786039603968786800F025FA034688
:104F300018460837BD4680BD80B582B000AF7860A6
:104F400039603968786800F07FFA034618460837F8
:104F5000BD4680BD80B582B000AF7860786800F053
:104F6000E5FA034618460837BD4680BD80B582B0D5
:104F700000AF78600B46FB70FB781946786800F04C
:104F8000EDFA034618460837BD4680BD80B582B0AD
:104F900000AF78600B46FB70FB781946786800F02C
:104FA00019FB034618460837BD4680BD80B584B05E
:104FB00000AFF860B9607A607A68B968F86800F0A4
:104FC00059FB034618461037BD4680BD80B582B0F8
:104FD00000AF7860786800F0AFFB034618460837EA
:104FE000BD4680BD80B584B000AFF860B9607A601E
:104FF0007A68B968F86800F0AEFB034618461037C7
:10500000BD4680BD80B582B000AF7860786800F0A2
:1050100000FC034618460837BD4680BD80B586B003
:1050200000AFF860B9607A603B60FB686E4A9342FB
:105030000ED0FB686D4A934208D0FB686C4A9342DD
:1050400001D1022305E04FF0FF3302E0012300E02D
:1050500000237B617B69002B02DA6FF00203BEE064
:1050600064497A6913469B001344DB000B44002219
:105070001A6060497A6913469B001344DB000B44B5
:10508000083300221A605B497A6913469B00134477
:10509000DB000B440C3301221A6056497A6913462F
:1050A0009B001344DB000B44103300221A6051496B
:1050B0007A6913469B001344DB000B441C33002227
:1050C0001A604C497A6913469B001344DB000B4479
:1050D000203300221A6047497A6913469B00134423
:1050E000DB000B4414336FF001021A6041497A6906
:1050F00013469B001344DB000B4418336FF001028E
:105100001A603C497A6913469B001344DB000B4448
:10511000273301221A70FB6801225A60FB68364A65
:105120001A61BB68002B06D0FB685B6843F0020283
:10513000FB685A6005E0FB685B6823F00202FB68CD
:105140005A60796AF868FFF7E9FE3B6AFF2B02D9DB
:105150006FF0020343E0FB68DA683B6A1B041A4302
:10516000FB68DA60FB681A6AFB681A6221497A698F
:1051700013469B001344DB000B4427331B78002BA2
:1051800023D03B68012B05D1FB685B6843F4803278
:10519000FB685A603B68022B05D1FB685B6843F4EF
:1051A0004032FB685A603B68032B05D1FB685B68A3
:1051B00043F4E022FB685A603B68042B05D1FB688E
:1051C0005B6843F47022FB685A607B68002B05D053
:1051D000FB68DB6843F40052FB68DA600023184682
:1051E0001837BD4680BD00BF00E00B4000600440A2
:1051F00000700440481200200101010080B584B015
:1052000000AF78607B68584A93420ED07B68574A5B
:10521000934208D07B68564A934201D1022305E0AD
:105220004FF0FF3302E0012300E00023FB607B68C6
:1052300000225A627B681A6A7B681A627B685B6824
:1052400023F001027B685A607B68DB6923F040121F
:105250007B68DA614749FA6813469B001344DB0018
:105260000B441B68002B2AD04249FA6813469B0066
:105270001344DB000B441B68BB60FA6813469B00B9
:105280001344DB003B4A1344184600F05CFC3949E8
:10529000FA6813469B001344DB000B441B685B6AEF
:1052A000002B0CD03349FA6813469B001344DB00F3
:1052B0000B441B685B6A6FF00E01B86898477B6807
:1052C00000225A607B6800229A607B680022DA60C4
:1052D0007B6800221A612749FA6813469B00134431
:1052E000DB000B4414331B68002B16DB2149FA68E2
:1052F00013469B001344DB000B4414331B68184611
:10530000FDF7ACFD1B49FA6813469B001344DB0014
:105310000B4414336FF001021A601649FA68134601
:105320009B001344DB000B4418331B68002B16DB77
:105330001049FA6813469B001344DB000B441833F2
:105340001B681846FDF78AFD0A49FA6813469B0058
:105350001344DB000B4418336FF001021A60002382
:1053600018461037BD4680BD00E00B400060044089
:10537000007004404812002080B586B000AF78600D
:105380003960304B1B685B083A689A4202D96FF06B
:10539000020353E07868FFF769FD0346BB60BA6813
:1053A0003B68B2FBF3F3BB60BB685B087B61BB6827
:1053B0005B083B610023FB60BB6803F00103002B2B
:1053C00010D07B6901337B610CE07B69DA0F1344F9
:1053D0005B107B613B69DA0F13445B103B61FB6838
:1053E0000133FB607B690F2B02DDFB68072BECDDD3
:1053F000FB68082B03D10F233B610F237B617B6884
:105400005B6923F0FF023B69DBB21A437B685A6198
:105410007B685B6923F47F427B691B029BB21A4362
:105420007B685A617B685B6923F47022FB681B040C
:1054300003F470231A437B685A6100231846183717
:10544000BD4680BD0000002080B485B000AF78600C
:1054500039603B68012B02D03B68102B02DD6FF0F6
:10546000020354E07B682D4A93420ED07B682C4A9D
:10547000934208D07B682B4A934201D1022305E076
:105480004FF0FF3302E0012300E00023FB607B6864
:105490001B6B03F00103002B37D12349FA68134635
:1054A0009B001344DB000B440C331B68012B2CD1F5
:1054B0007B685B6823F001027B685A6039681A4890
:1054C000FA6813469B001344DB0003440833196059
:1054D0003B680F2B0BDC7B68DB6823F470623B6856
:1054E0001B0203F470631A437B68DA6005E07B6893
:1054F000DB6823F470627B68DA607B685B6843F08A
:1055000001027B685A60002301E06FF00603184631
:105510001437BD465DF8047B704700BF00E00B40C8
:1055200000600440007004404812002080B483B042
:1055300000AF78607B68DB6803F47063002B01D1F7
:10554000102304E07B68DB681B0A03F00F03184696
:105550000C37BD465DF8047B7047000080B483B013
:1055600000AF78600B46FB707B68DB6823F4304249
:105570007B68DA60FB78032B24D801A252F823F071
:10558000915500109F550010A9550010B7550010F7
:105590007B68DB6843F400427B68DA6012E07B687A
:1055A000DA687B68DA600DE07B68DB6843F4805280
:1055B0007B68DA6006E07B68DB6843F400527B6856
:1055C000DA6000BF002318460C37BD465DF8047B47
:1055D000704700BF80B483B000AF78600B46FB70AB
:1055E000FB78032B3ED801A252F823F0FD550010A2
:1055F00017560010315600104B5600107B68DB68C0
:1056000023F001027B68DA607B68DB6823F002022A
:105610007B68DA6027E07B68DB6843F001027B6827
:10562000DA607B68DB6823F002027B68DA601AE0EC
:105630007B68DB6823F001027B68DA607B68DB68EB
:1056400043F002027B68DA600DE07B68DB6843F0C0
:1056500001027B68DA607B68DB6843F002027B68EA
:10566000DA6000E000BF002318460C37BD465DF845
:10567000047B704780B588B000AFF860B9607A608D
:10568000BB68002B02D07B68002B01D100234FE0C8
:10569000F868FFF79BFCB861F868FFF75BFC03460E
:1056A0007B617A68BB699A4201D9BB697B607B697F
:1056B000082B03D97B6823F001037B600023FB6187
:1056C00032E07B69082B23D97B68032B0CD9BA689D
:1056D000FB691344FA6812681A607B68043B7B60BC
:1056E000FB690433FB610FE07B68012B0CD9BA68BE
:1056F000FB691344FA68128892B21A807B68023BF5
:105700007B60FB690233FB617B68012B0CD10EE0EF
:10571000FB695A1CFA61BA681344FA681278D2B26B
:105720001A707B68013B7B607B68002BC9D1FB69E9
:1057300018462037BD4680BD80B483B000AF786086
:105740007B68DB691B0E03F03F0318460C37BD4630
:105750005DF8047B704780B588B000AFF860B96031
:105760007A60BB68002B02D07B68002B01D100233C
:105770004BE0F868FFF746FCB861F868FFF7EAFB12
:1057800003467B617A68BB699A4201D9BB697B6039
:105790007B69082B03D97B6823F001037B6000231E
:1057A000FB612EE07B69082B20D97B68032B0CD989
:1057B000FB68B968FA690A4412681A607B68043B9E
:1057C0007B60FB690433FB611BE07B68012B18D90C
:1057D000FB68B968FA690A44128892B21A807B6839
:1057E000023B7B60FB690233FB610AE0FB695A1CE8
:1057F000FA61BA6813441A78FB681A707B68013B37
:105800007B607B68002BCDD1FB6918462037BD46F5
:1058100080BD80B483B000AF78607B68DB691B0A11
:1058200003F03F03C3F1200318460C37BD465DF873
:10583000047B704780B500AF0F4B1B6803F48033C7
:10584000002B16D00D4B1B68002B05DD0B4B1B6886
:10585000013B0A4A13600CE000F0F6F8084B1B68A5
:10586000002B06D0064B1B6800209847044B0022F3
:105870001A6000BF80BD00BF10E000E02C000020D7
:10588000C81200202DE9B04386B000AF78603649D9
:10589000896879613449096821F4803133480160AD
:1058A0003149096801F00101002911D12E496FF039
:1058B0007F4048602C496FF07F4088602A4905206E
:1058C00008606FF07F4179614FF08071396103E0CA
:1058D0002549496801313961796800208846814647
:1058E0002349096800200A46034602FB09F008FB29
:1058F00003F10144A8FB02454B191D461D4A4FF018
:1059000000032046294609F0CFFA02460B4613460B
:10591000FB60FA683B69B2FBF3F31A46164B1A6058
:10592000FB683A69B3FBF2F2396901FB02F29B1A98
:10593000BB60BA687B699A420CD30F4B1B6801337A
:105940000D4A13607A69BB68D21A3B6913440B4A4B
:10595000136004E07A69BB68D31A084A136000BF79
:105960001837BD46BDE8B08310E000E0C412002047
:105970000000002040420F002C000020C012002038
:1059800080B582B000AF78603960104A3B68136020
:105990000F4B1B68002B02DD6FF0050312E07B68E4
:1059A000002B01D100230DE07868FFF76BFF084B57
:1059B0001B68002B05DD074B1B68064A43F00203FA
:1059C0001360002318460837BD4680BDC81200206A
:1059D0002C00002010E000E080B500AF164B1B68E3
:1059E000002B0CDA154B1B68002B06D0134B1B68E1
:1059F00000209847114B00221A6000231AE00E4B3A
:105A00001B68002B14D10E4B9A680E4B1B689A42F0
:105A10000ED800F019F8094B1B68002B06D0074B75
:105A20001B6800209847054B00221A60002301E004
:105A30006FF00503184680BD2C000020C81200201E
:105A400010E000E0C012002080B500AF0A4B1B68D8
:105A5000002B07D0084B1B686FF00F009847064BD0
:105A600000221A60054A064B1B681360054B4FF075
:105A7000FF321A6000BF80BDC812002010E000E0B5
:105A8000C41200202C00002080B582B000AF7860E6
:105A9000164B1B68002B02DD6FF0050321E07B68CD
:105AA000002B01D100231CE07868FFF7EBFE0AE031
:105AB0000F4B1B6803F48033002B04D00B4B1B6887
:105AC000013B0A4A1360094B1B68002BF0DC00BF46
:105AD000074B9A68074B1B689A42F9D8FFF7B4FF47
:105AE000002318460837BD4680BD00BF2C000020AB
:105AF00010E000E0C012002080B489B000AF7860F0
:105B000039607B68FB61FB6953E8003FBB61BB699F
:105B1000002B02D06FF005030FE03B687B617B68D0
:105B20003B6139697A6941E80023FB60FB68002B1F
:105B3000E7D1BFF35F8F00BF002318462437BD466F
:105B40005DF8047B704780B483B000AF7860BFF32A
:105B50005F8F00BF7B6800221A6000BF0C37BD4614
:105B60005DF8047B704780B483B000AF0346FB71DF
:105B7000FB791F2B0FD9FB79203BFB714FF0804342
:105B80009B6CFA79012101FA02F211464FF0804232
:105B90000B4393640BE04FF080435B6AFA79012179
:105BA00001FA02F211464FF080420B43536200BFEC
:105BB0000C37BD465DF8047B704780B483B000AFFE
:105BC0000346FB71FB791F2B10D9FB79203BFB713E
:105BD0004FF080439B6CFA79012101FA02F2D24323
:105BE00011464FF080420B4093640CE04FF080432D
:105BF0005B6AFA79012101FA02F2D24311464FF0B1
:105C000080420B40536200BF0C37BD465DF8047BF9
:105C1000704780B582B000AF7860002141F28830D3
:105C2000FFF7AEFE4FF080439A687B681340002B6D
:105C300003D0FFF709FF002307E0FFF7CDFE03467F
:105C400013F1060FEED06FF0090318460837BD4672
:105C500080BD000080B584B000AF0346FB714FF0FB
:105C600080439B6803F46063FB60FB79062B00F2C2
:105C7000D68001A252F823F0255D00101F5E0010AF
:105C8000695D0010C15D0010955C0010DD5C0010C6
:105C9000D75D00104FF080439B6803F40023002B76
:105CA00011D14FF080439B684FF0804243F40023B2
:105CB00093604FF00060FFF7ACFF0346002B02D06B
:105CC0006FF00903C7E04FF080439B6823F46063E3
:105CD0004FF0804243F400639360A3E04FF08043B1
:105CE0009B6803F48013002B11D14FF080439B6815
:105CF0004FF0804243F4801393604FF08050FFF7E1
:105D000088FF0346002B02D06FF00903A3E04FF099
:105D100080439B6823F460634FF0804243F4206328
:105D200093607FE04FF080439B6803F48023002B57
:105D300011D14FF080439B684FF0804243F48023A1
:105D400093604FF08060FFF764FF0346002B02D0A2
:105D50006FF009037FE04FF080439B684FF0804273
:105D600023F4606393605DE04FF080439B6803F42D
:105D70008033002B19D14FF080435B6F4FF080428E
:105D800043F0110353674FF080439B684FF080420C
:105D900043F4803393604FF08070FFF73AFF03467F
:105DA000002B02D06FF0090355E04FF080439B6851
:105DB00023F460634FF0804243F48063936031E0EA
:105DC0004FF080439B6823F460634FF0804243F4BC
:105DD000C063936026E04FF080439B6803F4003378
:105DE000002B11D14FF080439B684FF0804243F469
:105DF000003393604FF00070FFF70BFF0346002B5A
:105E000002D06FF0090326E04FF080439B6823F433
:105E100060634FF0804243F44063936002E06FF0B0
:105E2000020318E04FF40050FFF7F3FE0346002B87
:105E30000ED04FF080439B6823F46062FB6803F44C
:105E400060634FF0804113438B606FF0090302E001
:105E5000FAF716FA002318461037BD4680BD00BF7A
:105E600080B582B000AF7860786800F004F800BFB9
:105E70000837BD4680BD80B483B000AF78607B68D2
:105E80000122DA6000BF0C37BD465DF8047B704725
:105E900080B582B000AF786039603968786800F00A
:105EA00067FB00BF0837BD4680BD80B582B000AF3C
:105EB000786039603968786800F018FB00BF0837EF
:105EC000BD4680BD80B582B000AF7860396039686A
:105ED000786800F0C9FA00BF0837BD4680BD80B5BC
:105EE00082B000AF7860786800F020FC00BF08370F
:105EF000BD4680BD80B582B000AF7860786800F0A4
:105F00009DFB00BF0837BD4680BD80B582B000AFA5
:105F10007860786800F0CEFB00BF0837BD4680BDD2
:105F200080B584B000AFF860B9607A607A68B9680B
:105F3000F86800F091F8034618461037BD4680BD5A
:105F400080B582B000AF7860786800F0ABF80346A7
:105F500018460837BD4680BD80B584B000AFF860F4
:105F6000B9607A607A68B968F86800F0AAF8034600
:105F700018461037BD4680BD80B582B000AF78604E
:105F8000786800F0C4F8034618460837BD4680BD5F
:105F900080B582B000AF786039603968786800F009
:105FA000C9F8034618460837BD4680BD80B582B0A3
:105FB00000AF7860786800F0F1F8034618460837BB
:105FC000BD4680BD80B582B000AF7860786800F0D3
:105FD000F3F8034618460837BD4680BD80B582B049
:105FE00000AF786039603968786800F0F1F800BF78
:105FF0000837BD4680BD80B582B000AF786039609B
:106000003968786800F008F900BF0837BD4680BDE0
:1060100080B582B000AF786039603968786800F088
:1060200023F900BF0837BD4680BD80B582B000AF00
:106030007860786800F040F9034618460837BD4696
:1060400080BD80B582B000AF7860786800F0BCFB9E
:1060500000BF0837BD4680BD80B487B000AFF86090
:10606000B9607A6000237B610FE0FB689B6803F0F6
:106070001003002B0ED1FB68D969BA687B69134401
:10608000CAB21A707B6901337B617A697B689A4274
:10609000EBD300E000BF7B6918461C37BD465DF8B6
:1060A000047B704780B483B000AF78607B689B68E6
:1060B0001B0A03F03F0318460C37BD465DF8047B0E
:1060C000704780B487B000AFF860B9607A60002391
:1060D0007B610FE0FB689B6803F08003002B0ED10F
:1060E000BA687B6913441B781A46FB68DA617B69DE
:1060F00001337B617A697B689A42EBD300E000BF91
:106100007B6918461C37BD465DF8047B704780B438
:1061100085B000AF78607B689B681B0C03F03F0381
:10612000FB60FB68C3F1200318461437BD465DF8D9
:10613000047B704780B483B000AF786039607B68BF
:10614000134A93420AD07B68124A934206D07B6876
:10615000114A934202D06FF0020313E03B68002B18
:1061600002D03B68202B02D96FF002030AE07B6863
:106170005B6823F03F023B6803F03F031A437B68F0
:106180005A60002318460C37BD465DF8047B704703
:1061900000200440003004400040044080B483B03C
:1061A00000AF78607B685B6803F03F0318460C37EC
:1061B000BD465DF8047B704780B483B000AF786063
:1061C0007B681B6918460C37BD465DF8047B704739
:1061D00080B483B000AF786039607B680B4A93422B
:1061E0000AD07B680A4A934206D07B68094A9342E8
:1061F00002D06FF0020303E07B683A681A61002363
:1062000018460C37BD465DF8047B704700200440FB
:10621000003004400040044080B483B000AF786098
:1062200039607B680D4A93420AD07B680C4A9342DE
:1062300006D07B680B4A934202D06FF0020306E05F
:106240007B68DA683B681A437B68DA60002318468B
:106250000C37BD465DF8047B704700BF002004404A
:10626000003004400040044080B483B000AF786048
:1062700039607B680D4A93420AD07B680C4A93428E
:1062800006D07B680B4A934202D06FF0020307E00E
:106290007B68DA683B68DB431A407B68DA6000237E
:1062A00018460C37BD465DF8047B7047002004405B
:1062B000003004400040044080B584B000AF7860F6
:1062C0007B681B68634A93420CD07B681B68624AF8
:1062D000934207D07B681B68604A934202D06FF0FC
:1062E0000203B3E07B68DB68002B4BD07B685B6804
:1062F000002B02D16FF00203A8E07B6800225A61F4
:106300007B681B68534A934210D07B681B68524AD3
:10631000934209D07B681B68504A934201D1022303
:1063200005E04FF0FF3302E0012300E000234C4979
:106330007A6841F823207B681B6840211846FFF7E4
:106340005AFE7B681B681846FFF716FEF8607B68EC
:10635000DA687B685B69D31AFA68934228BF1346F0
:10636000FB607B6818687B685A687B685B691344CC
:10637000FA681946FFF7F0FD02467B685B691A442C
:106380007B685A617B681B69002B5ED07B689B68C9
:10639000002B09D17B681B684FF0FF311846FFF7CF
:1063A00037FE6FF0020351E07B6800229A617B6840
:1063B0001B68284A934210D07B681B68264A934288
:1063C00009D07B681B68254A934201D1022305E06E
:1063D0004FF0FF3302E0012300E0002321497A68F7
:1063E00041F823207B681B680B211846FFF703FE4A
:1063F0007B681B6810211846FFF7FDFD7B681B6852
:106400001846FFF79DFDB8607B681A697B689B6939
:10641000D31ABA68934228BF1346BB607B681868DA
:106420007B689A687B689B691344BA681946FFF7D2
:1064300077FD02467B689B691A447B689A617B689A
:106440001B6810211846FFF7C9FD002318461037B6
:10645000BD4680BD002004400030044000400440A0
:10646000CC120020D812002080B584B000AF786034
:1064700039607B68194A93420AD07B68184A934274
:1064800006D07B68174A934202D06FF0020321E0E6
:106490007B68124A93420ED07B68114A934208D01F
:1064A0007B68104A934201D1022305E04FF0FF338D
:1064B00002E0012300E000230B4A52F82330FB6086
:1064C000FB68DB69002B04D0FB68DB693968F8687E
:1064D0009847002318461037BD4680BD0020044071
:1064E0000030044000400440D812002080B584B041
:1064F00000AF786039607B68194A93420AD07B68A4
:10650000184A934206D07B68174A934202D06FF034
:10651000020321E07B68124A93420ED07B68114A45
:10652000934208D07B68104A934201D1022305E0D0
:106530004FF0FF3302E0012300E000230B4A52F842
:106540002330FB60FB68DB69002B04D0FB68DB6950
:106550003968F8689847002318461037BD4680BD53
:10656000002004400030044000400440CC120020D1
:1065700080B586B000AF786039607B682A4A934264
:106580000ED07B68294A934208D07B68284A934200
:1065900001D1022305E04FF0FF3302E0012300E0C8
:1065A0000023244A52F823207B681F498B420ED0D7
:1065B0007B681E498B4208D07B681D498B4201D104
:1065C000022305E04FF0FF3302E0012300E0002347
:1065D000194951F823309A4202D10123FB7401E09A
:1065E0000023FB7439687868FFF780FFF860FB7C54
:1065F00083F00103DBB2002B05D039687868FFF720
:1066000033FF786101E000237B61FB68002B01D040
:10661000FB6805E07B69002B01D07B6900E000236B
:1066200018461837BD4680BD0020044000300440A5
:1066300000400440CC120020D812002080B582B067
:1066400000AF78607B68174A93420AD07B68164A8D
:10665000934206D07B68154A934202D06FF0020342
:106660001CE040217868FFF7D3FC7B680D4A934219
:106670000ED07B680C4A934208D07B680B4A934249
:1066800001D1022305E04FF0FF3302E0012300E0D7
:106690000023074A002142F8231000231846083738
:1066A000BD4680BD0020044000300440004004404E
:1066B000CC12002080B582B000AF78607B68174AAA
:1066C00093420AD07B68164A934206D07B68154AEB
:1066D000934202D06FF002031CE01B217868FFF7A1
:1066E00097FC7B680D4A93420ED07B680C4A93421C
:1066F00008D07B680B4A934201D1022305E04FF09A
:10670000FF3302E0012300E00023074A002142F8A2
:106710002310002318460837BD4680BD00200440E2
:106720000030044000400440D812002080B584B0FE
:1067300000AF78607B681F4A93420AD07B681E4A8C
:10674000934206D07B681D4A934202D06FF0020349
:106750002BE07B68174A93420ED07B68164A93421F
:1067600008D07B68154A934201D1022305E04FF01F
:10677000FF3302E0012300E00023FB60104AFB68C6
:1067800052F82330BB60BB68002B02D07868FFF75B
:10679000B1FB0C4AFB6852F82330BB60BB68002B8E
:1067A00002D07868FFF7B1FB002318461037BD46CA
:1067B00080BD00BF00200440003004400040044081
:1067C000CC120020D812002090B589B000AF7860BC
:1067D0007B68704A93420ED07B686F4A934208D020
:1067E0007B686E4A934201D1022305E04FF0FF33EC
:1067F00002E0012300E00023FB617B68654A9342CD
:106800000AD07B68644A934206D07B68634A93420D
:1068100002D06FF00203B8E07868FFF7D3FBB861ED
:106820007B68DA68BB69134003F00B03002B0AD0C6
:106830006FF008017868FFF72BFB7868FFF74FFBD4
:106840006FF00303A1E0564AFB6952F823307B61E5
:10685000BB6903F04003002B2DD07B69002B2AD0AD
:106860007B69DB68002B26D07B691B681846FFF725
:1068700083FB38617B69DA687B695B69D31A3A69A3
:10688000934228BF13463B617B6918687B695A684D
:106890007B695B6913443A691946FFF75DFB024661
:1068A0007B695B691A447B695A617B691B6840217B
:1068B0001846FFF793FB7B695A697B69DB689A424C
:1068C00006D100217868FFF7F0FA7868FFF712FB2D
:1068D000344AFB6952F823307B61BB6903F0100333
:1068E000002B44D07B69002B41D07B691B69002BB6
:1068F0003DD07B691B681846FFF722FBF8607B6977
:106900001A697B699B69D31AFA68934228BF1346B8
:10691000FB607B6918687B699A687B699B69134493
:10692000FA681946FFF7FCFA02467B699B691A442C
:106930007B699A617B691A697B699B69D41A7B6957
:106940001B681846FFF732FB03469C4209D27B695D
:1069500018687B691A697B699B69D31A1946FFF726
:1069600017FB7B691B6810211846FFF737FB7B6913
:106970009A697B691B699A4206D100217868FFF702
:10698000A1FA7868FFF7C1FA002318462437BD46FC
:1069900090BD00BF0020044000300440004004408F
:1069A000CC120020D812002080B582B000AF7860F1
:1069B0000B46FB7013463B807B681B68DB683A889C
:1069C000F97878689847034618460837BD4680BD71
:1069D00080B584B000AFF8600B467A60FB72FB684C
:1069E0001B681B69F97A7A68F86898470346184665
:1069F0001037BD4680BD80B584B000AF78607B683D
:106A0000002B02D14FF0FF330AE040F6AC520F21C9
:106A10007868FFF7C9FFF8600A2002F0FEF8FB680B
:106A200018461037BD4680BD80B586B000AF78608F
:106A30000023BB7500237B7500233B750023FB748B
:106A40007B68002B02D14FF0FF333BE17B680022D3
:106A500083F83F207B68002283F83E200023FB75EB
:106A6000B5E0FB7D7A68134493F82E30013B042B8C
:106A700057D801A252F823F0A36A00108D6A0010C3
:106A8000B96A0010E36A0010036B0010FB7D01225D
:106A900002FA03F35AB297F9143013435BB23B7511
:106AA00092E0FB7D012202FA03F35AB297F9133008
:106AB00013435BB2FB7487E0FB7D012202FA03F310
:106AC0005AB297F9143013435BB23B75FB7D012238
:106AD00002FA03F35AB297F9133013435BB2FB7413
:106AE00072E07B6893F83F305AB2FB7D012101FAD6
:106AF00003F35BB213435BB2DAB27B6883F83F20E7
:106B000062E07B6893F83E305AB2FB7D012101FAC6
:106B100003F35BB213435BB2DAB27B6883F83E20C7
:106B200052E0FB7D7A68134493F83630032B06D08D
:106B3000032B3EDC012B0DD0022B1BD039E0FB7D5B
:106B4000012202FA03F35AB297F9153013435BB2EC
:106B50007B7539E07B6893F83E305AB2FB7D0121AA
:106B600001FA03F35BB213435BB2DAB27B6883F8DA
:106B70003E2029E07B6893F83E305AB2FB7D01212C
:106B800001FA03F35BB213435BB2DAB27B6883F8BA
:106B90003E207B6893F840305AB2FB7D012101FA18
:106BA00003F35BB213435BB2DAB27B6883F8402035
:106BB0000AE0FB7D012202FA03F35AB297F916307C
:106BC00013435BB2BB7500BFFB7D0133FB757B6874
:106BD0009B7CFA7D9A42FFF444AFBB7D9BB21A4680
:106BE00006217868FFF7E0FEF860FB68002B01DA09
:106BF000FB6867E07B7D9BB21A460D217868FFF742
:106C0000D3FEF860FB68002B01DAFB685AE03B7D9D
:106C10009BB21A4605217868FFF7C6FEF860FB684C
:106C2000002B01DAFB684DE0FB7C9BB21A46042185
:106C30007868FFF7B9FEF860FB68002B01DAFB68A3
:106C400040E07B6893F840309BB21A46092178688F
:106C5000FFF7AAFEF860FB68002B01DAFB6831E061
:106C60007B6893F83E309BB21A4608217868FFF79C
:106C70009BFEF860FB68002B01DAFB6822E07B6872
:106C800093F83F309BB21A460A217868FFF78CFED2
:106C9000F860FB68002B01DAFB6813E007F10A03D8
:106CA0001A4604217868FFF793FEF860FB68002B12
:106CB00007D17B89DAB2FB7C9A4202D04FF0FF33D6
:106CC00000E0FB6818461837BD4680BD80B586B029
:106CD00000AFF860084611461A4603467B810B4612
:106CE0003B811346FB80FB68002B02D14FF0FF3342
:106CF0002AE07B89DBB207F112021946F868FFF738
:106D000067FE78617B69002B01DA7B691CE0B7F9CB
:106D10000630DB431AB27B8A1BB213401BB29BB214
:106D20007B827A8A3B8913439BB27B827B89DBB26D
:106D30007A8A1946F868FFF737FE78617B69002B7D
:106D400001DA7B6900E0002318461837BD4680BD94
:106D500080B584B000AF78600B46FB700023FB81E8
:106D60007B68002B02D14FF0FF3317E0FB78002B3C
:106D700001D0202300E00023FB81FA892023032196
:106D80007868FFF7A3FFB860BB68002B01DABB6827
:106D900004E07B68FA7883F8422000231846103715
:106DA000BD4680BD80B584B000AF78600B46FB70F7
:106DB0000023FB817B68002B02D14FF0FF3317E0EB
:106DC000FB78002B01D0102300E00023FB81FA891F
:106DD000102303217868FFF779FFB860BB68002BA8
:106DE00001DABB6804E07B68FA7883F8432000236B
:106DF00018461037BD4680BD80B584B000AF7860BE
:106E00000B46FB701346BB700023FB817B68002B95
:106E100002D14FF0FF3322E0BB78002B05D0FB7886
:106E2000012202FA03F39BB200E00023FB81FB780E
:106E3000012202FA03F39BB2FA890B217868FFF76B
:106E400045FFB860BB68002B01DABB6807E0FB7840
:106E5000B9787A6813440A4683F84C200023184610
:106E60001037BD4680BD80B584B000AF78600B465A
:106E7000FB700023FB817B68002B02D14FF0FF33B6
:106E800019E0FB78002B02D04FF4007300E00023E0
:106E9000FB81FA894FF400730B217868FFF716FF26
:106EA000B860BB68002B01DABB6804E07B68FA7845
:106EB00083F84420002318461037BD4680BD80B5B6
:106EC00084B000AF786039607B68002B02D16FF02E
:106ED000120319E03B68B3F57A7F04D33B6841F2B3
:106EE0007C52934202D96FF021030DE000217868B3
:106EF000FFF7B9FFF860FB68002B01D0FB6803E0E7
:106F00007B683A689A64002318461037BD4680BDF6
:106F100080B483B000AF786039607B68002B02D109
:106F20006FF0120314E03B68002B02D16FF01503E1
:106F30000EE07B6893F84430002B04D03B6840F6A9
:106F4000C4121A6003E07B689A6C3B681A600023E5
:106F500018460C37BD465DF8047B704780B584B099
:106F600000AF78600B46FB700023FB817B68002B31
:106F700002D14FF0FF3319E0FB78002B02D04FF421
:106F8000807300E00023FB81FA894FF480730321B2
:106F90007868FFF79BFEB860BB68002B01DABB681E
:106FA00004E07B68FA7883F85420002318461037F1
:106FB000BD4680BD80B586B000AFF860B9601346AD
:106FC000FB80FB68002B02D16FF012032EE0BB6840
:106FD000002B02D16FF0150328E0FB68DB68002B63
:106FE0000BD0FB68DB680021184601F0A5F9786139
:106FF0007B69002B01D07B6918E0FB689B68FA88ED
:10700000B968184601F016FD3861FB68DB68002B93
:107010000BD0FB68DB680121184601F08DF978611F
:107020007B69002B01D07B6900E03B69184618376B
:10703000BD4680BD80B584B000AF78603960002364
:107040007B8107F10A03022219467868FFF7B2FF35
:10705000F860FB68002B01D0FB680CE07B891B0209
:107060001AB27B891B0A9BB21BB213431BB29AB2A2
:107070003B681A80FB6818461037BD4680BD80B556
:1070800084B000AF78600B46FB7013463B807B6892
:10709000002B02D14FF0FF3332E0FB789BB21B0391
:1070A0009AB23B8813439BB26FEA43436FEA534360
:1070B0009BB21B029AB2FB789BB21B0399B23B882E
:1070C0000B439BB21B0A9BB213439BB243F080035A
:1070D0009AB27B681A827B6810330222194678685C
:1070E000FFF768FFF860FB68002B01D0FB6807E042
:1070F000FB787A6808335B0013443A889A8000234F
:1071000018461037BD4680BD80B586B000AFF86028
:107110000B467A60FB72FB68002B02D14FF0FF3305
:107120004EE0FB7A012202FA03F31B021AB2FB7A49
:10713000012101FA03F31B121BB2DBB21BB243F0B5
:1071400010031BB213431BB29AB2FB681A82FB688E
:10715000103302221946F868FFF72CFF38613B69AB
:10716000002B01DA3B692BE0FB7A082B0BD178234B
:107170007B61FB6893F85430002B01D069237B615D
:10718000786901F03FFDFB6810331946F868FFF796
:1071900051FF38613B69002B01DA3B6910E0FB6865
:1071A00010331946F868FFF745FF38613B69002B3B
:1071B00001DA3B6904E0FB681A8A7B681A800023C5
:1071C00018461837BD4680BD80B586B000AFF86060
:1071D0000B467A607B81FB68002B02D14FF0FF33B6
:1071E0004CE07B89184607F0AFF90346BB757B89F5
:1071F00043F480539BB21B029AB27B891B0A9BB259
:1072000013439BB243F010039AB2FB681A82FB68E7
:10721000103302221946F868FFF7CCFE38613B694B
:10722000002B01DA3B6929E0FB6810331946F86846
:10723000FFF700FF38613B69002B01DA3B691DE075
:107240000023FB7515E0FB6810331946F868FFF75B
:10725000F1FE38613B69002B01DA3B690EE0FB7DF2
:107260005B007A681344FA68128A1A80FB7D013346
:10727000FB75FA7DBB7D9A42E5D30023184618378B
:10728000BD4680BD80B582B000AF78600B46FB7014
:1072900013463B807B68002B02D14FF0FF331AE08E
:1072A000FB78DA023B8813431B021AB2FB78D9023F
:1072B0003B880B431B121BB2DBB21BB213431BB246
:1072C0009AB27B681A827B6810330222194678686A
:1072D000FFF770FE034618460837BD4680BD80B5EF
:1072E00086B000AFF8600B467A60FB72FB68002B3B
:1072F00002D14FF0FF3338E0FB7A9B0043F4615337
:10730000FA6892F8412013431B021AB2FB7A9B00E1
:1073100043F46153F96891F841100B431B121BB2FF
:10732000DBB21BB213431BB29AB2FB681A82FB6832
:10733000103302221946F868FFF73CFE78617B693A
:10734000002B01DA7B6910E0FB6810331946F868FE
:10735000FFF770FE78617B69002B01DA7B6904E03E
:10736000FB681A8A7B681A80002318461837BD46C6
:1073700080BD80B584B000AF786039607B68002B39
:1073800002D14FF0FF3324E07B6893F83F301BB20B
:1073900043F480631BB29BB21A460A217868FFF758
:1073A00071FFF860FB68002B01DAFB6811E07B6875
:1073B000103319467868FFF73DFEF860FB68002B34
:1073C00001DAFB6805E07B681B8ADAB23B681A7059
:1073D000002318461037BD4680BD000080B586B03A
:1073E00000AF786039605821012006F073FBF86027
:1073F000FB68002B02D16FF00B03DCE0FB6803F1AC
:1074000008023B689B681946104601F019FA78613A
:107410007B69002B40F0CA803B681B69002B18D0A9
:10742000FB6803F10C023B681B691946104600F02B
:107430000EFF78617B69002B40F0AF80FB68DB6852
:107440000121184600F052FF78617B69002B40F063
:107450008B80FB685A4A1A60FB68002283F841203F
:10746000FB6808229A74F868FFF7C5FA78617B69AF
:10747000002B7BDB0023FB7416E0FA7CFB7C396875
:107480000A44117DFA6813440A4683F82E20FA7CD8
:10749000FB7C39680A44117FFA6813440A4683F872
:1074A0003620FB7C0133FB74FB7C072BE5D93B6862
:1074B00093F824301946F868FFF74AFC78617B6935
:1074C000002B55DB3B6893F825301946F868FFF729
:1074D00069FC78617B69002B4CDB3B6893F82630B4
:1074E0001946F868FFF73AFD78617B69002B43DBAA
:1074F000F868FFF799FA78617B69002B3EDB3B68FF
:107500001B78002B05D00121F868FFF7ACFC7861EF
:1075100006E03B685B681946F868FFF7D0FC7861C5
:107520007B69002B2CDB0023FB7415E0FB7C3A68A5
:10753000134493F82730002B14BF01230023DAB241
:10754000FB7C1946F868FFF757FC78617B69002BD4
:1075500018DBFB7C0133FB74FB7C072BE6D97B68D3
:10756000FA681A60002326E000BF0CE000BF0AE0C2
:1075700000BF08E000BF06E000BF04E000BF02E07B
:1075800000BF00E000BFFB68DB68002B07D0FB6892
:10759000DB68184600F088FE02E000BF00E000BF94
:1075A000FB689B68184601F0EBF900E000BFF86843
:1075B00006F09EFA7B6918461837BD4680BD00BFAD
:1075C000A858011080B584B000AF78607B68002BAC
:1075D00002D16FF0150326E07868FFF70CFAF86027
:1075E000FB68002B01D0FB681DE07B68DB68002B8B
:1075F0000AD07B68DB68184600F056FEF860FB682E
:10760000002B01D0FB680EE07B689B68184601F0F8
:10761000B7F9F860FB68002B01D0FB6803E07868DD
:1076200006F066FA002318461037BD4680BD80B5C7
:1076300084B000AF78600B46FB7013463B807B68DC
:10764000002B02D14FF0FF3325E0FB7843F010030D
:10765000DBB23B723B881B0A9BB2DBB203F00F0329
:10766000DBB27B723B88DBB2BB727B68586807F188
:1076700008010123032200F067FFF860FB68002B7C
:1076800001DAFB6807E0FB787A6808335B00134493
:107690003A889A80002318461037BD4680BD80B5D1
:1076A00088B000AFF8600B467A60FB72FB68002B75
:1076B00002D14FF0FF3348E0FB7A012202FA03F3D4
:1076C000FB8302233B75FB8B1B0A9BB2DBB27B75F2
:1076D000FB8BDBB2BB75FB68586807F11401012313
:1076E000032200F031FFB861BB69002B01DABB69EE
:1076F0002BE040233B75FB68586807F11401012318
:10770000012200F021FFB861BB69002B01DABB69DF
:107710001BE0FB68586807F114010123022200F006
:107720004AFFB861BB69002B01DABB690DE03B7D04
:107730009BB21B029BB203F470639AB27B7D9BB237
:1077400013449AB27B681A80002318462037BD463E
:1077500080BD80B58CB000AFF8600B467A607B814D
:10776000FB68002B02D14FF0FF336AE07B8918469B
:1077700006F0EAFE034687F82E3002233B757B892C
:107780001B0A9BB2DBB27B757B89DBB2BB75FB68E6
:10779000586807F114010123032200F0D5FEB862F6
:1077A000BB6A002B01DABB6A4BE040233B75FB68E8
:1077B000586807F114010023012200F0C5FEB862E9
:1077C000BB6A002B01DABB6A3BE0FB68586897F89C
:1077D0002E305B00DAB207F11401012300F0EBFE5A
:1077E000B862BB6A002B01DABB6A2AE0002387F883
:1077F0002F301FE097F82F305B0030333B4413F8F5
:107800001C3C9BB21B0299B297F82F305B000133EE
:1078100030333B4413F81C3C9AB297F82F305B008E
:10782000786803440A4492B21A8097F82F300133E3
:1078300087F82F3097F82F2097F82E309A42D9D317
:10784000002318463037BD4680BD80B584B000AFF8
:1078500078600B46FB7013463B807B68002B02D19F
:107860004FF0FF331BE0FB783B723B881B0A9BB257
:10787000DBB27B723B88DBB2BB727B68586807F176
:1078800008010123032200F05FFEF860FB780F2B54
:1078900004D1FB68002B01DA002300E0FB681846E6
:1078A0001037BD4680BD80B586B000AFF8600B468E
:1078B0007A60FB72FB68002B02D14FF0FF332BE0A4
:1078C000FB7A43F07003DBB23B74FB68586807F146
:1078D00010010123012200F037FE78617B69002B43
:1078E00001DA7B6918E0FB68586807F11001012391
:1078F000022200F060FE78617B69002B01DA7B696F
:107900000AE03B7C9BB21B029AB27B7C9BB2134485
:107910009AB27B681A80002318461837BD4680BD8E
:1079200080B584B000AF786039607B68002B02D1ED
:107930004FF0FF3321E060233B727B68586807F10A
:1079400008010123012200F0FFFDF860FB68002B15
:1079500001DAFB6811E07B68586807F10801012330
:10796000022200F028FEF860FB68002B01DAFB68B9
:1079700003E07A7A3B681A70002318461037BD4638
:1079800080BD000080B586B000AF786039605821B6
:10799000012006F09FF8F860FB68002B02D16FF021
:1079A0000B03AFE0FB681A1D3B68DB681946104605
:1079B00000F0E8FC78617B69002BC0F29E80FB68D8
:1079C000524A1A60FB68002283F84120FB680822B3
:1079D0009A74F868FFF70FF878617B69002B79DB00
:1079E0000023FB7416E0FA7CFB7C39680A44117DA5
:1079F000FA6813440A4683F82E20FA7CFB7C396827
:107A00000A44117FFA6813440A4683F83620FB7C47
:107A10000133FB74FB7C072BE5D93B6893F82430DA
:107A20001946F868FFF794F978617B69002B53DBFE
:107A30003B6893F825301946F868FFF7B3F9786189
:107A40007B69002B4ADB3B6893F826301946F868BF
:107A5000FFF784FA78617B69002B41DBF868FEF759
:107A6000E3FF78617B69002B3CDB3B681B78002BD4
:107A700005D00121F868FFF7F6F9786106E03B6868
:107A80005B681946F868FFF71AFA78617B69002B82
:107A90002ADB0023FB7415E0FB7C3A68134493F85F
:107AA0002730002B14BF01230023DAB2FB7C1946D8
:107AB000F868FFF7A1F978617B69002B16DBFB7C86
:107AC0000133FB74FB7C072BE6D97B68FA681A60EC
:107AD000002317E000BF0AE000BF08E000BF06E097
:107AE00000BF04E000BF02E000BF00E000BFFB6891
:107AF0005B68184600F0D0FC00E000BFF86805F0B5
:107B0000F7FF7B6918461837BD4680BDC058011085
:107B100080B584B000AF78607B68002B02D16FF035
:107B2000150317E07868FEF766FFF860FB68002B26
:107B300001D0FB680EE07B685B68184600F0ACFC87
:107B4000F860FB68002B01D0FB6803E0786805F063
:107B5000CFFF002318461037BD4680BD80B588B0E2
:107B600000AF78607B68FB61FB695B689B6807F12D
:107B700010021146184606F08CFAB861BB69002B5A
:107B800008D0FB691A68FB695B681946104600F06B
:107B9000D0FA3FE0FB695B689B6807F1140211466D
:107BA000184606F0EFF9FB695B689B6807F10C0269
:107BB0001146184606F0EBF83B691B69002B06D00E
:107BC0003B691B69386979693A6952699847FB686A
:107BD000002B0ED1FB691B681A69FB695B68DB68C7
:107BE0001946104600F0E5FDFB695B6801221A7139
:107BF00010E0FB691B68DB681B69FA6952687969E8
:107C000010469847FB691A68FB695B68194610467D
:107C100000F053FA2037BD4680BD80B586B000AF76
:107C2000786039603B68002B03D03B689B68002B71
:107C300002D16FF015037FE03B689B681B68002B47
:107C400002D16FF0570377E007F10803184606F0FA
:107C5000F3FBBB68184606F0F9FB3B689B681B68A2
:107C600039687868984778617B69002B5ED17B68BA
:107C70001B681C33184606F0DFFB7B681B683A68FC
:107C80009268DA6000233B6122E07B681B68996898
:107C90003A691346DB009B1ADB000B4408330022D1
:107CA0000121184606F004F878617B69002B1FD18A
:107CB0007B681B6899683A691346DB009B1ADB00F6
:107CC0000B443033184606F0B7FB3B6901333B6188
:107CD0003B685B683A699A42D7D37B681B689A69AC
:107CE00001329A61BB68184606F0BAFB002323E014
:107CF00000BF0023FB600FE07B681B6899683A694E
:107D00001346DB009B1ADB000B449B68184606F009
:107D100013F8FB680133FB60FA683B699A42EBD3C6
:107D20007B681B68184600F00BF800E000BFBB68DA
:107D3000184606F095FB7B6918461837BD4680BD8E
:107D400090B585B000AF78607B68002B02D16FF0F2
:107D500015036BE07B689B69002B01D1002365E074
:107D60000023FB6047E07B689968FA681346DB00F4
:107D70009B1ADB000B449B68184605F0DDFFB860DA
:107D8000BB68002B01D0BB6850E07B689968FA683B
:107D90001346DB009B1ADB000B441B6B184606F0F6
:107DA00069FB7B681B69002B22D07B689968FA68A5
:107DB0001346DB009B1ADB000B44DB69002B17D05A
:107DC0007B6818697B689968FA681346DB009B1A20
:107DD000DB000B44DC687B689968FA681346DB00BB
:107DE0009B1ADB000B4410331A46214600F09BFC23
:107DF000FB680133FB607B685B68FA689A42B2D328
:107E00007B68DB69184606F035FB7B68DB685B68DE
:107E100078689847B860BB68002B01D0BB6805E064
:107E20007B689B695A1E7B689A6100231846143749
:107E3000BD4690BD80B584B000AF786039607B6886
:107E4000002B03D07B68DB68002B02D16FF0150399
:107E50002AE07B68DB689B68002B02D16FF0570338
:107E600022E07B68DB69184606F0F0FA7B68DB6885
:107E70009B6807F10802114678689847F860FB682C
:107E8000002B0AD17B689968BA681346DB009B1AFD
:107E9000DB00CA183B681A6000E000BF7B68DB6942
:107EA000184606F0DDFAFB6818461037BD4680BD5F
:107EB00080B584B000AF786039607B68002B06D055
:107EC0007B68DB68002B02D03B68002B02D16FF08F
:107ED00015031BE07B68DB68DB68002B02D16FF0C9
:107EE000570313E03B681B6B184606F0AFFA7B683C
:107EF000DB68DB683A681268114678689847F86072
:107F00003B681B6B184606F0ABFAFB681846103747
:107F1000BD4680BD80B588B000AFF860B9607A60BA
:107F20003B60FB68002B08D0BB68002B05D07B684A
:107F3000002B02D03B68002B02D16FF0150399E0B3
:107F40003B681B6B184606F081FA0023FB610FE0CB
:107F50003B689868FA691346DB0013449B001A4695
:107F6000BB681344194605F063FFFB690133FB61ED
:107F7000FA697B689A42EBD3FB681B69002B57D0E8
:107F80003B6810337B613B6803F120027B695A60D8
:107F90003B681B681A467B69DA60BB681A7F7B699D
:107FA0005A723B68FA681A623B683A685A62BB6860
:107FB0001B7B012B02DC002B03DA0AE0022B04D02E
:107FC00007E07B690B221A7207E07B6909221A72AB
:107FD00003E06FF01503BB6134E0FB68DB681B69ED
:107FE000B96838689847B861BB69002B27D1FB682E
:107FF0001B6A002B04D0FB681A6A7B691A6002E0D6
:108000007B691E4A1A60FB6818693B68DB687A69FD
:10801000194600F064FBB861BB69002B11D1FB6805
:1080200018693B68D968BB689B691A4600F0E3FB96
:108030003B681B6B184606F013FA00231AE000BFDA
:1080400000E000BF0023FB610AE03B689B6807F18A
:1080500010021146184606F01CF8FB690133FB615B
:10806000FA697B689A42F0D33B681B6B184606F0AE
:10807000F7F9BB6918462037BD4680BD5D7B00100F
:1080800080B582B000AF78607B681B6B184606F045
:10809000DDF97B68002B02D16FF0150309E07B68E6
:1080A000002283F834207B681B6B184606F0D8F951
:1080B000002318460837BD4680BD80B584B000AFA8
:1080C000786039607B68002B06D07B68DB68002B0A
:1080D00002D03B68002B02D16FF0150325E07B68CE
:1080E000DB685B69002B02D16FF057031DE03B6832
:1080F0001B6B184606F0AAF97B681B69002B07D09A
:108100007B681A693B68DB681946104600F02FFB54
:108110007B68DB685B69396878689847F8603B681A
:108120001B6B184606F09CF9FB6818461037BD46D5
:1081300080BD80B584B000AF786039607B68002B6B
:1081400006D07B68DB68002B02D03B68002B02D195
:108150006FF0150331E07B68DB689B69002B02D16F
:108160006FF0570329E03B681B6B184606F06EF969
:108170007B681B69002B07D07B681A693B68DB684A
:108180001946104600F015FB3B689B6807F1080292
:108190001146184605F07DFFF860FB68002BF3D010
:1081A0007B68DB689B69396878689847F8603B684A
:1081B0001B6B184606F054F9FB6818461037BD468D
:1081C00080BD80B483B000AF786039603B68002B1D
:1081D00001D1012301E03B681B7918460C37BD46ED
:1081E0005DF8047B704780B584B000AF786039607B
:1081F0007B68002B06D07B68DB68002B02D03B68D5
:10820000002B01D101231EE07B68DB681B6A002B79
:1082100001D1012317E03B681B6B184606F016F9E5
:108220007B68DB681B6A3968786898470346FB609F
:108230003B681B6B184606F013F9FB68002B14BF54
:1082400001230023DBB218461037BD4680BD80B540
:1082500084B000AF786039603B68002B03D03B6886
:10826000DB68002B02D16FF0150319E03B68DB6877
:108270001B68002B02D16FF0570311E03B68DB68ED
:108280001B68396878689847F860FB68002B01D054
:10829000FB6805E07B681B683A68D268DA600023F7
:1082A00018461037BD4680BD80B582B000AF7860FB
:1082B0007B68002B15D07B68DB68002B02D16FF048
:1082C00015030FE07B68DB689B68002B02D16FF021
:1082D000570307E07B68DB689B687868984703462C
:1082E00000E0002318460837BD4680BD80B582B047
:1082F00000AF78600B46FB707B68002B17D07B6863
:10830000DB68002B02D16FF0150311E07B68DB689E
:108310001B69002B02D16FF0570309E07B68DB6813
:108320001B69FA78114678689847034600E00023F5
:1083300018460837BD4680BD80B582B000AF786072
:108340000B46FB707B68002B17D07B68DB68002B2B
:1083500002D16FF0150311E07B68DB689B69002B8D
:1083600002D16FF0570309E07B68DB689B69FA78FC
:10837000114678689847034600E0002318460837FE
:10838000BD4680BD80B584B000AF786039603B6881
:10839000002B03D03B68DB68002B02D16FF0150384
:1083A0003FE03B68DB681B68002B02D16FF057038E
:1083B00037E03B681B68042B02D96FF0150330E0EF
:1083C0003B681B68194A52F82330002B08D13868E3
:1083D00000F02EF8F860FB68002B01D0FB6820E06D
:1083E0003B68DB681B68396878689847F860FB6809
:1083F000002B01D0FB6814E03B681A687B681B689F
:108400000A4951F822201A607B681B681B681A7998
:108410000132D2B21A717B681B683A68D2681A615D
:10842000002318461037BD4680BD00BFE41200206F
:1084300080B584B000AF78601821012005F04AFBB8
:10844000F860FB68002B02D16FF00B031DE0FB68A6
:10845000184605F0F1FFFB6800221A717B681A6864
:10846000FB689A607B685A68FB68DA607B68DA6848
:10847000FB681A617B681A69FB685A617B681B6834
:108480000449FA6841F82320002318461037BD46F6
:1084900080BD00BFE412002080B582B000AF7860DC
:1084A0007B68002B03D07B681B69002B02D16FF027
:1084B000150317E07B681B68002B05D07B681B68E1
:1084C0009B68184600F012F87B681B69DB68002B7C
:1084D00002D16FF0570305E07B681B69DB687868A1
:1084E0009847034618460837BD4680BD80B584B01E
:1084F00000AF7860134A7B6852F82330FB60FB685A
:108500001B79002B05D0FB681B79013BDAB2FB68B5
:108510001A71FB681B79002B0FD1FB681B6818468A
:1085200005F0A8FFFB68002B07D0F86805F0E0FA1B
:10853000044A7B68002142F8231000BF1037BD4673
:1085400080BD00BFE412002090B587B000AFF86096
:10855000B96011461A460B46FB711346BB71FB68A6
:10856000002B03D0FB681B69002B02D16FF01503B1
:108570001DE0FB681B695B68002B02D16FF057039D
:1085800015E0FB681B681B68184605F05FFFFB6879
:108590001B695C68BB79FA79B968F868A0477861AB
:1085A000FB681B681B68184605F05AFF7B69184674
:1085B0001C37BD4690BD90B587B000AFF860B9607C
:1085C00011461A460B46FB711346BB71FB68002B24
:1085D00003D0FB681B69002B02D16FF015031DE06F
:1085E000FB681B699B68002B02D16FF0570315E0F5
:1085F000FB681B681B68184605F028FFFB681B69B1
:108600009C68BB79FA79B968F868A0477861FB681B
:108610001B681B68184605F023FF7B6918461C374A
:10862000BD4690BD80B584B000AF786039603B68CE
:10863000002B03D03B685B68002B02D16FF0150361
:108640001EE03B685B681B68002B02D16FF057038C
:1086500016E03B685B681B68396878689847F86083
:10866000FB68002B01D0FB680AE07B681B689A68F6
:1086700001329A607B681B683A6852685A6000232E
:1086800018461037BD4680BD80B582B000AF786017
:108690007B68002B03D07B685B68002B02D16FF0F6
:1086A000150318E07B685B689B6A002B02D16FF0B2
:1086B000570310E07B689B685A1E7B689A607B6852
:1086C0009B68002B01D0002305E07B685B689B6AF8
:1086D00078689847034618460837BD4680BD80B580
:1086E00084B000AFF860B9607A60FB68002B03D0FB
:1086F000FB685B68002B02D16FF015030FE0FB688D
:108700005B685B68002B02D16FF0570307E0FB68E2
:108710005B685B687A68B968F868984703461846EA
:108720001037BD4680BD80B584B000AFF860B96039
:108730007A60FB68002B03D0FB685B68002B02D1DA
:108740006FF015030FE0FB685B689B68002B02D19C
:108750006FF0570307E0FB685B689B687A68B9684D
:10876000F8689847034618461037BD4680BD80B567
:1087700082B000AF786039607B68002B03D07B68E3
:108780005B68002B02D16FF015030EE07B685B681D
:108790009B69002B02D16FF0570306E07B685B6892
:1087A0009B69396878689847034618460837BD467C
:1087B00080BD80B582B000AF786039607B68002BE7
:1087C00003D07B685B68002B02D16FF015030EE0CD
:1087D0007B685B68DB69002B02D16FF0570306E012
:1087E0007B685B68DB693968786898470346184698
:1087F0000837BD4680BD80B584B000AFF860B96071
:108800007A60FB68002B03D0FB685B68002B02D109
:108810006FF015030FE0FB685B681B6A002B02D149
:108820006FF0570307E0FB685B681B6A7A68B968FA
:10883000F8689847034618461037BD4680BD0000CB
:1088400080B584B000AF786039603B68002B03D0FE
:108850003B68DB68002B02D16FF015034DE03B68ED
:10886000DB681B68002B02D16FF0570345E03B68C3
:108870001B68082B02D96FF015033EE03B681B68AC
:10888000204A52F82330002B08D1386800F03CF819
:10889000F860FB68002B01D0FB682EE03B68DB68CA
:1088A0001B68396878689847F860FB68002B01D02E
:1088B000FB6822E03B681A687B681B68114951F825
:1088C00022201A607B681B681B681A790132D2B2B9
:1088D0001A717B681B683A68D2681A617B681B68EA
:1088E0003A68D2691A627B681B683A68143310329E
:1088F00092E8030083E80300002318461037BD46C2
:1089000080BD00BFF812002080B584B000AF786051
:108910001C21012005F0DEF8F860FB68002B02D175
:108920006FF00B0325E0FB68184605F085FDFB683A
:1089300000221A717B681A68FB689A607B685A6823
:10894000FB68DA607B685A7AFB681A747B689A7AEB
:10895000FB685A747B68DA68FB685A617B689A69BD
:10896000FB689A617B681B680449FA6841F8232018
:10897000002318461037BD4680BD00BFF812002006
:1089800080B582B000AF78607B68002B03D07B6835
:108990001B69002B02D16FF0150317E07B681B6881
:1089A000002B05D07B681B689B68184600F012F806
:1089B0007B681B695B69002B02D16FF0570305E0F0
:1089C0007B681B695B6978689847034618460837D7
:1089D000BD4680BD80B584B000AF7860144A7B6826
:1089E00052F82330FB60FB681B79002B05D0FB6835
:1089F0001B79013BDAB2FB681A71FB681B79002B0B
:108A000011D1FB681B68184605F034FDFB68002B8C
:108A100009D0F86805F06CF80023FB60044A7B6815
:108A2000002142F8231000BF1037BD4680BD00BFB3
:108A3000F812002080B586B000AFF860B960134628
:108A4000FB80FB68002B03D0FB681B69002B02D165
:108A50006FF015031CE0FB681B695B68002B02D1FB
:108A60006FF0570314E0FB681B681B68184605F09D
:108A7000EDFCFB681B695B68FA88B968F868984781
:108A80007861FB681B681B68184605F0E9FC7B6988
:108A900018461837BD4680BD80B584B000AF7860F9
:108AA00039603B68002B07D03B685B69002B03D023
:108AB0003B681B780A2B02D96FF015032AE03B684C
:108AC0005B691B68002B02D16FF0570322E03B6803
:108AD0005B691B68396878689847F860FB68002B09
:108AE00001D0FB6816E07B681B683A6852695A61DE
:108AF0003B681B789B00094A1344184605F09CFC10
:108B00003B681B7819467B681B68044A52F8212091
:108B10001A60002318461037BD4680BD1C13002084
:108B200080B582B000AF78607B68002B03D07B6893
:108B30005B69002B02D16FF0150319E07B685B695C
:108B40005B69002B02D16FF0570311E07B681B6853
:108B5000184605F08FFC7B681B791946064B0022EE
:108B600043F821207B685B695B6978689847034616
:108B700018460837BD4680BD1C13002080B586B05E
:108B800000AFF860B9607A60FB68002B06D0FB6824
:108B90005B69002B02D0BB68002B02D16FF015037C
:108BA0001AE0FB685B699B68002B02D16FF05703EA
:108BB00012E0FB681B68184605F048FCFB685B691F
:108BC0009B687A68B968F86898477861FB681B68A1
:108BD000184605F045FC7B6918461837BD4680BD30
:108BE000B0B500AFFCF726FE054BD3E90023541CBB
:108BF00043F10005024BC3E9004500BFB0BD00BF13
:108C00004813002080B582B000AF78607868FCF728
:108C10003BFF00BF0837BD4680BD80B582B000AFC6
:108C200078607B684FF47A7202FB03F31846FCF716
:108C30002BFF00BF0837BD4680BD80B485B000AFB4
:108C4000F860B9601346FB71FB79002B06D0FB6816
:108C50001A68BB681A43FB681A6006E0FB681A686A
:108C6000BB68DB431A40FB681A6000BF1437BD467F
:108C70005DF8047B7047000080B588B000AF786075
:108C800039603B68002B07D03B681B69002B03D081
:108C90003B685B681F2B02DD6FF0150388E0142131
:108CA000012004F017FF78617B69002B02D16FF07F
:108CB0000B037DE00C21012004F00CFF38613B69BF
:108CC000002B03D16FF00B03FB616DE03B681B6968
:108CD000FB603B681B7A022B0CD0022B0DDC002BB7
:108CE00002D0012B03D008E00023BB6109E001237F
:108CF000BB6106E00223BB6103E06FF01503FB617B
:108D00004FE03B681B68012B03DD6FF01503FB612F
:108D100047E03B681B68002B07D03B681B68012BB2
:108D200001D1254B02E0002300E0244B3A69136097
:108D30003B685B68012202FA03F31A463B695A60FA
:108D4000BB69DAB23B695A723B6900221A72FB684E
:108D50001A783B699A723B681A687B691A603B68AB
:108D60005A687B695A603B681A7A7B691A727B6918
:108D70003A691A613B681B681846FAF7F5F87B698F
:108D80001B691846FAF70CF9F861FB69002B03D050
:108D90006FF01503FB6104E07B687A691A600023B9
:108DA00006E0386904F0A4FE786904F0A1FEFB69CE
:108DB00018462037BD4680BD00900040008000402E
:108DC00080B582B000AF786039603B68002B04D179
:108DD0007B6800221A60002304E039687868FFF796
:108DE0004BFF034618460837BD4680BD80B582B0AC
:108DF00000AF78607B68002B02D16FF0150308E0AC
:108E00007B681B69184604F073FE786804F070FEF6
:108E1000002318460837BD4680BD80B584B000AF3A
:108E200078607B68002B03D07B685B681F2B02DDBA
:108E30006FF0150309E07B681B69FB60FB6800228B
:108E40001A72F868FAF7ACF8002318461037BD46D6
:108E500080BD80B584B000AF78600B46FB707B6846
:108E6000002B06D07B685B681F2B02DCFB78012B94
:108E700002D96FF0150330E07B681B69FB60FB686B
:108E80001B68BB60FB6801221A72F868FAF788F861
:108E90007B685B68012202FA03F301221946B86875
:108EA000FFF7CBFEFB78002B02D0012B0AD013E09A
:108EB0007B685B68012202FA03F31946B868FAF787
:108EC0003AF909E07B685B68012202FA03F319466C
:108ED000B868FAF723F900BF002318461037BD46DB
:108EE00080BD80B485B000AF786039607B68002BAE
:108EF00003D07B685B681F2B02DD6FF015030EE06B
:108F00007B681B69FB60FB681B7A012B03D13B6804
:108F100001221A7002E03B6800221A7000231846F2
:108F20001437BD465DF8047B704780B584B000AF50
:108F300078600B46FB707B68002B03D07B685B6816
:108F40001F2B02DD6FF015033CE07B681B69FB60A3
:108F5000FB681B68BB607B685B68012202FA03F355
:108F600001221946B868FFF768FEFB78022B1AD079
:108F7000022B23DC002B02D0012B0AD01EE07B68E1
:108F80005B68012202FA03F31946B868FAF7D3F8CE
:108F900017E07B685B68012202FA03F31946B868A0
:108FA000FAF7BCF80DE07B685B68012202FA03F374
:108FB00000221946B868FFF740FE02E06FF0150383
:108FC00000E0002318461037BD4680BD80B584B050
:108FD00000AF786039607B68002B03D07B685B68EA
:108FE0001F2B02DD6FF0150337E07B681B69FB6008
:108FF000FB681B68BB607B685B68012202FA03F3B5
:1090000001221946B868FFF718FEFB681B7A002B8F
:1090100011D17B685B68012202FA03F31946B86834
:10902000FAF76EF802467B685B6822FA03F3DAB25D
:109030003B681A7010E07B685B68012202FA03F358
:109040001946B868FAF784F802467B685B6822FA2A
:1090500003F3DAB23B681A70002318461037BD4696
:1090600080BD000080B483B000AF0346FB71FB7984
:1090700003F01F03012202FA03F1064A97F90730B1
:109080005B09203342F8231000BF0C37BD465DF862
:10909000047B704700E100E080B500AF0248FAF7BA
:1090A00015FB00BF80BD00BF00D0014080B500AF00
:1090B0000248FAF70BFB00BF80BD00BF00E0014093
:1090C00080B586B000AF78600B46FB707B68022BE2
:1090D00017D07B68022B1BD87B68002B03D07B68E2
:1090E000012B07D014E0124A07F10C0307CA83E8EA
:1090F000070010E00F4A07F10C0307CA83E80700D6
:1091000009E00D4A07F10C0307CA83E8070002E0F3
:109110006FF0150307E0FB78BB7507F10C031846E9
:10912000F9F73EFF002318461837BD4680BD00BF43
:10913000E8570110F45701100058011080B588B0AD
:1091400000AF786039607B68002B06D03B68002B4D
:1091500003D03B681B69002B02D16FF01503DDE0E3
:109160003B681B68022B02D96FF01503D6E018216B
:10917000012004F0AFFC02467B681A607B681B6824
:10918000002B02D16FF00B03C8E00C21012004F08A
:10919000A1FCB861BB69002B03D16FF00B03FB612D
:1091A000B6E03B681B697B613B681B68002B24D0E1
:1091B0003B681B68012B1ED03B681B68022B18D034
:1091C0003B681B68B3F5004F11D03B681B6848F241
:1091D0000102934209D03B681B6848F202029342A5
:1091E00001D1504B0AE0002308E04F4B06E04F4B03
:1091F00004E04F4B02E04F4B00E04F4B3B61BB693B
:109200003A691A607B681B683A6812685A603B6862
:109210005B684A4A934204D87B681B68474A9A6055
:1092200021E03B685B68464A934204D87B681B6830
:10923000434A9A6017E03B685B68424A934204D80D
:109240007B681B683F4A9A600DE03B685B683E4A5A
:10925000934204D87B681B683B4A9A6003E06FF036
:109260001503FB6151E07B681B683A68127A1A7338
:109270007B681B68BA695A613B681B68334A52F8BD
:109280002330002B10D1BB691B681846FAF7DCF8B5
:10929000002201213869FAF765F80346002B03D054
:1092A0004FF0FF33FB6130E07B681B685A687B69D5
:1092B0001B7819461046FFF703FFF861FB69002B86
:1092C00001D0FB692AE03869FAF760F9F8607B6839
:1092D0001B689B68FA68934228BF1346FB60F968D5
:1092E0003869FAF745F9F861FB69002B02DA6FF08B
:1092F000150313E03B681B68144A52F8232001321F
:10930000124941F82320002308E0B86904F0F0FB7B
:109310007B681B68184604F0EBFBFB691846203796
:10932000BD4680BD00F0114000E0114000D011406A
:1093300000F0014000E0014000D00140A0860100A3
:10934000801A060040420F0040E133005013002015
:1093500080B584B000AF78607B685B69FB607B6838
:10936000002B02D16FF015034EE07B685B68284A42
:1093700052F82320013A264941F823207B685B6894
:10938000234A52F82330002B37D1FB681B6818465C
:10939000FAF75AF8B860BB68002B01D0BB6833E01D
:1093A0007B685B68002B24D07B685B68012B1ED038
:1093B0007B685B68022B18D07B685B68B3F5004F55
:1093C00011D07B685B6848F20102934209D07B6848
:1093D0005B6848F20202934201D13E230AE0002377
:1093E00008E0242306E00D2304E03E2302E02423CA
:1093F00000E00D231846FFF735FEF86804F078FB0F
:10940000786804F075FB002318461037BD4680BD10
:109410005013002080B590B000AFF860B9601146DD
:109420001A460B46FB711346BB71FB68002B03D039
:10943000FB685B69002B02D16FF015036FE0FB68DE
:109440005B68002B24D0FB685B68012B1ED0FB6897
:109450005B68022B18D0FB685B68B3F5004F11D036
:10946000FB685B6848F20102934209D0FB685B68C5
:1094700048F20202934201D12B4B0AE0002308E09C
:109480002A4B06E02A4B04E02A4B02E02A4B00E07C
:109490002A4BFB63FB685B69BB63BB79002B29D15B
:1094A000BB6BFA791A72BB6B5B68002B0BD0BB6B82
:1094B0005B68FA791146184606F02CFB7863BB6BA3
:1094C0007A6B5A600DE0FB79184604F0F7FA024611
:1094D000BB6B5A60BB6B5B68002B02D16FF00B0358
:1094E0001DE0BB6B5B68FA79B968184606F0C4F9F1
:1094F000002314E0FB6B7B61FB681B7BBB61BB68DB
:10950000FB61FB793B620023BB62BB687B6200238B
:10951000FB6207F114031846FAF7AFF80346184642
:109520004037BD4680BD00BF00F0114000E0114053
:1095300000D0114000F0014000E0014000D00140A7
:1095400080B590B000AFF860B96011461A460B467E
:10955000FB711346BB71FB68002B03D0FB685B6992
:10956000002B02D16FF0150363E0FB685B69FB63BE
:10957000FB685B68002B24D0FB685B68012B1ED066
:10958000FB685B68022B18D0FB685B68B3F5004F83
:1095900011D0FB685B6848F20102934209D0FB6876
:1095A0005B6848F20202934201D1244B0AE0002397
:1095B00008E0234B06E0234B04E0234B02E0234B5F
:1095C00000E0234BBB63BB6B7B61FB681B7BBB6118
:1095D00000233B620023FB61BB687B62FB79BB62BB
:1095E000BB79002B0CBF01230023DBB2FB62FB6BBA
:1095F0001B7A002B07D00023FB62FB6B1B7A3B62BC
:10960000FB6B5B68FB6107F114031846FAF735F84A
:109610007863FB6B1B7A002B0AD0FB6B5B681846E8
:1096200004F066FAFB6B00221A72FB6B00225A6090
:109630007B6B18464037BD4680BD00BF00F011402F
:1096400000E0114000D0114000F0014000E0014076
:1096500000D0014080B483B000AF0346FB71FB79BA
:1096600003F01F03012202FA03F1064A97F90730BB
:109670005B0942F8231000BF0C37BD465DF8047B40
:10968000704700BF00E100E080B483B000AF034644
:10969000FB71FB7903F01F03012202FA03F1064A72
:1096A00097F907305B09203342F8231000BF0C37CD
:1096B000BD465DF8047B704700E100E080B483B0F4
:1096C00000AF03463960FB7197F90730002B0BDAC6
:1096D0003B68DAB20C49FB7903F00F03043B5201FB
:1096E000D2B20B441A7609E03B68DAB2074997F91F
:1096F00007305201D2B20B4483F8002300BF0C376D
:10970000BD465DF8047B704700ED00E000E100E03D
:1097100080B483B000AF786039607B68002B29D1BA
:109720003B68002B24D03B68012B1FD03B68022BE9
:109730001AD03B68032B15D03B68042B10D03B6834
:10974000052B0BD03B68062B06D03B68072B01D1BD
:10975000472338E0002336E0462334E0452332E057
:10976000442330E01F232EE01E232CE01D232AE09B
:109770001C2328E03B68002B24D03B68012B1FD022
:109780003B68022B1AD03B68032B15D03B68042B97
:1097900010D03B68052B0BD03B68062B06D03B68EE
:1097A000072B01D14F230EE000230CE04E230AE0EB
:1097B0004D2308E04C2306E04B2304E04A2302E05B
:1097C000492300E0482318460C37BD465DF8047B6A
:1097D000704780B483B000AF786039607B681A68E6
:1097E0003B681B68D31A18460C37BD465DF8047BEE
:1097F000704780B485B000AF78600023FB6012E052
:10980000FB68002B06D0FB68012B01D1192302E075
:10981000002300E018237A68934201D1012306E077
:10982000FB680133FB60FB68012BE9D90023184674
:109830001437BD465DF8047B7047000080B58AB0E0
:1098400000AF786007F1100300221A605A609A6036
:10985000DA607B68404A93425BD07B683E4A934221
:1098600003D07B683D4A934251D07B683A4A934289
:1098700007D07B68394A934203D07B68384A9342C9
:1098800043D07B68344A93420BD07B68334A93427F
:1098900007D07B68324A934203D07B68314A9342B7
:1098A00031D07B682C4A93420FD07B682B4A93427D
:1098B0000BD07B682A4A934207D07B68294A93429F
:1098C00003D07B68284A93421BD07B68224A93428C
:1098D00015D07B68214A934211D07B68204A93427D
:1098E0000DD07B681F4A934209D07B681E4A934281
:1098F00005D07B681D4A934201D10A230AE0002368
:1099000008E0092306E0082304E0072302E0062319
:1099100000E005233B61164B7B627B6A5B6807F1C5
:10992000100207F10C01184604F07AFB38623B6A1A
:10993000002B0DD1FB689B68002B05D0FB689B6852
:10994000FA68D268104698477868FCF789FA00E010
:1099500000BF2837BD4680BD000001400010014017
:109960000020014000300140004001400050014013
:109970006000002080B584B000AF78607B68184A32
:1099800093420ED07B68174A934208D07B68164AF0
:10999000934201D1022305E04FF0FF3302E001239F
:1099A00000E000235B01114A1344FB607868FCF778
:1099B00048FBFB681B68002B0ED0FB689B69002BE3
:1099C00003D1FB681B69002B03D1FB68DB68002B0C
:1099D00002D0F868FCF729FB00BF1037BD4680BDF8
:1099E0000020044000300440004004407813002070
:1099F00080B500AF0248FFF7BDFF00BF80BD00BFCC
:109A00000020044080B500AF0248FFF7B3FF00BF5D
:109A100080BD00BF0030044080B500AF0248FFF7B2
:109A2000A9FF00BF80BD00BF0040044080B500AF6B
:109A30000248FFF703FF00BF80BD00BF00000140E8
:109A400080B500AF0248FFF7F9FE00BF80BD00BF40
:109A50000010014080B500AF0248FFF7EFFE00BFE5
:109A600080BD00BF0020014080B58CB000AF7860A1
:109A70002F4BFB622F4BBB627B68072B08D97B689F
:109A8000083B19460120FFF743FE0346FB6005E053
:109A900079680020FFF73CFE0346FB60264A7B689E
:109AA00008335B01134404331B68234943F0040269
:109AB0007B6808335B010B4404331A60FB6A5B6804
:109AC000002B16D0FB6A5B6807F10C0207F120013E
:109AD000184604F0A5FA78627B6A002B09D13B6A2C
:109AE0009B68002B05D03B6A9B683A6AD268104697
:109AF0009847BB6A5B68002B16D0BB6A5B6807F1AE
:109B00000C0207F11C01184604F08AFA78627B6A9D
:109B1000002B09D1FB699B68002B05D0FB699B6872
:109B2000FA69D2681046984700BF3037BD4680BDFD
:109B300078000020880000200080024080B500AF3F
:109B40000020FFF791FF00BF80BD80B500AF01206E
:109B5000FFF78AFF00BF80BD80B500AF0220FFF78E
:109B600083FF00BF80BD80B500AF0320FFF77CFFFF
:109B700000BF80BD80B500AF0420FFF775FF00BFB8
:109B800080BD80B500AF0520FFF76EFF00BF80BD30
:109B900080B500AF0620FFF767FF00BF80BD80B52E
:109BA00000AF0720FFF760FF00BF80BD80B500AFAA
:109BB0000820FFF759FF00BF80BD80B500AF092026
:109BC000FFF752FF00BF80BD80B500AF0A20FFF74E
:109BD0004BFF00BF80BD80B500AF0B20FFF744FFF7
:109BE00000BF80BD80B500AF0C20FFF73DFF00BF78
:109BF00080BD80B500AF0D20FFF736FF00BF80BDF0
:109C000080B500AF0E20FFF72FFF00BF80BD80B5ED
:109C100000AF0F20FFF728FF00BF80BD80B584B0E4
:109C200000AFFAF77BFF0346FB60124BBB60FB689B
:109C300003F04003002B19D04020FAF779FFBB68EE
:109C40005B683A461146184604F09CF978607B68D8
:109C5000002B0ADB3B689B68002B07D03B689B68A6
:109C60003A68D2681046984700E000BF1037BD46FA
:109C700080BD00BF5000002080B588B000AF07F164
:109C8000080300221A605A609A60DA600223BB60FF
:109C90000E4BFB61FB695B6807F10802391D184632
:109CA00004F0BEF9B861BB69002B0AD17B689B68E0
:109CB000002B07D07B689B687A68D268104698476B
:109CC00000E000BF2037BD4680BD00BF90000020EF
:109CD00080B584B000AF786039603B68002B02D15A
:109CE0006FF0150323E0144B1B68002B05D0124BBB
:109CF0001A687B681A60002319E01021012003F024
:109D0000E9FEF860FB68002B02D16FF00B030EE058
:109D10003B681A68FB681A603B689A68FB68DA60FF
:109D20007B68FA681A60044AFB68136000231846CF
:109D30001037BD4680BD00BF5C13002080B584B0E5
:109D400000AF78607B68002B02D16FF015032FE025
:109D50000023FB6022E0BB68184603F0C9FE164AE8
:109D6000FB68DB0013445B6807F1080211461846E4
:109D700004F08FF90346002BEDD00F4AFB68DB009F
:109D800013445B68184603F0D7FF0B4AFB68DB00FF
:109D9000134400225A60FB680133FB60FB680C2B04
:109DA000DDD9786803F0A4FE044B00221A6000237A
:109DB00018461037BD4680BD300000205C130020DF
:109DC00080B58CB000AFF860B9607A60002387F886
:109DD0002B3007F1100300221A605A609A60DA6093
:109DE000BB683B61B868FFF704FD0346002B02D057
:109DF0006FF05703C1E0FB68002B06D07B68002B97
:109E000003D07B681B7A0C2B02D96FF01503B4E0EA
:109E10007B681B7A5B4ADB0013445B68002B10D124
:109E20007B681B7ADB00574A13440433564A0321EC
:109E3000184603F03DFFF862FB6A002B01D0FB6A75
:109E40009BE07B681B7A4F4ADB0013445B6807F199
:109E5000100207F12001184604F0E2F8F862FB6AEC
:109E6000002B2CD01021012003F034FE03463B626E
:109E70003B6A002B02D16FF00B037EE03B6ABA68AD
:109E80001A603B6A7A68D2685A603B6A7A681268DC
:109E90009A603B6A7A685268DA607B681B7A394A52
:109EA000DB0013445B683A6A1146184603F0C0FFB2
:109EB000F862FB6A002B5AD1012387F82B307B68AC
:109EC0005B7A013B082B1FD801A252F823F000BF98
:109ED000399F0010F59E0010399F0010099F001057
:109EE000099F0010099F0010399F0010399F001032
:109EF000399F00100220FAF7F1FDF862FB6A002B8F
:109F00001CD06FF00F0338E097F82B30002B10D0E7
:109F10006FF01503FB6200BF7B681B7A194ADB00F8
:109F200013445B6807F124021146184604F0F2F866
:109F30001EE06FF0150320E000BF00E000BF97F8BF
:109F40002B3083F00103DBB2002B0ED03B6ABA68E2
:109F50001A603B6A7A68D2685A603B6A7A6812680B
:109F60009A603B6A7A685268DA60002305E000BFB5
:109F70003B6A184603F0BCFDFB6A18463037BD4605
:109F800080BD00BF30000020D397001080B58AB09C
:109F900000AFF860B9607A6000233B6207F11003FC
:109FA00000221A605A609A60DA60BB683B61B86848
:109FB000FFF71FFC0346002B02D06FF0570332E07F
:109FC000FB68002B02D07B68002B02D16FF01503D9
:109FD00029E07B685B7A012B02D0022B04D009E0D8
:109FE0007B68DB687B6105E0114B7B610220FAF73F
:109FF00085FD00BF7B681B7A0E4ADB0013445B685B
:10A0000007F1100207F12001184604F0C4F8786245
:10A010007B6A002B02D06FF0120304E03B6A184603
:10A0200003F066FD7B6A18462837BD4680BD00BF39
:10A03000006000403000002080B485B000AFF860C0
:10A04000B9601346FB716FF0570318461437BD46CD
:10A050005DF8047B704780B483B000AF786062B66F
:10A0600000BF002318460C37BD465DF8047B7047DF
:10A0700080B483B000AF786072B600BF002318468A
:10A080000C37BD465DF8047B704780B582B000AFE9
:10A09000786039603B685E2B02D96FF0150305E0EC
:10A0A0003B685BB21846FFF7D5FA0023184608371D
:10A0B000BD4680BD80B582B000AF786039603B6836
:10A0C0005E2B02D96FF0150305E03B685BB21846C2
:10A0D000FFF7DAFA002318460837BD4680BD80B581
:10A0E00084B000AFF860B9607A60BB685E2B02D9BB
:10A0F0006FF0150306E0BB685BB279681846FFF79E
:10A10000DDFA002318461037BD4680BD80B588B003
:10A1100000AFF860B9607A607B68FB61FB691B681F
:10A12000DB69BB61FB691B685B68002B0FD0FB69B7
:10A130001B685B68012B08D0FB691B685B68022BFE
:10A1400001D1334B04E0002302E0324B00E0324BFC
:10A150007B6100BFBB69DA68FB699B6819461046E2
:10A16000FEF741F80346002B0AD0BB69DA68FB69A9
:10A170005B6819461046FEF736F80346002BE9D116
:10A1800000BF7B691B6B03F00103002BF9D1BB6897
:10A19000002B21D1FB695B69002B05D0FB695B6952
:10A1A000FA69926910469847FB695B681846FDF7A3
:10A1B00067FFFB699B681846FDF762FFFB69DB6878
:10A1C000184603F095FCFB691B69184603F090FCE8
:10A1D000F86903F08DFC18E07B699A68BB689B689E
:10A1E0001A437B699A60BB689B6819460B4804F068
:10A1F00069F902467B699B681A437B699A607B69AF
:10A200005B6843F020027B695A602037BD4680BD01
:10A21000007004400060044000E00B400000FFFFBD
:10A2200080B485B000AF78607B68DB69FB607B68D9
:10A230005B68022B14D0022B19D8002B02D0012B03
:10A2400007D014E0FB682F225A61FB680F221A61C5
:10A250000EE0FB6821225A61FB6801221A6107E0C7
:10A26000FB6822225A61FB6802221A6100E000BFEB
:10A270001437BD465DF8047B7047000080B58AB096
:10A2800000AF78607B68DB697B627B685B68022B70
:10A290005BD0022B00F28380002B02D0012B2AD04E
:10A2A0007DE04C4A07F1180307CA83E807007B6882
:10A2B0001B7B022B14D0022B19DC002B02D0012BAC
:10A2C00007D014E0444A07F10C0307CA83E80700EB
:10A2D00010E0424A07F10C0307CA83E8070009E0CF
:10A2E0003F4A07F10C0307CA83E8070002E06FF05A
:10A2F00015036BE056E03B4A07F1180307CA83E8F1
:10A3000007007B681B7B022B14D0022B19DC002B6F
:10A3100002D0012B07D014E0334A07F10C0307CA1F
:10A3200083E8070010E0314A07F10C0307CA83E80D
:10A33000070009E02E4A07F10C0307CA83E807006B
:10A3400002E06FF0150341E02CE02A4A07F1180300
:10A3500007CA83E807007B681B7B022B14D0022B03
:10A3600019DC002B02D0012B07D014E0224A07F1A0
:10A370000C0307CA83E8070010E0204A07F10C032A
:10A3800007CA83E8070009E01D4A07F10C0307CA62
:10A3900083E8070002E06FF0150317E002E06FF0BA
:10A3A000150313E07B6A1B685B7987F822307B6AB0
:10A3B0001B685B79BB7507F118031846F8F7F0FDC9
:10A3C00007F10C031846F8F7EBFD00231846283771
:10A3D000BD4680BD0C5801102458011030580110A2
:10A3E0003C58011048580110545801106058011091
:10A3F0006C580110785801108458011090580110C1
:10A400009C58011080B58AB000AF786039607B68D5
:10A41000DB693B623B685B694FF47A7203FB02F2D3
:10A420007B685B691344FB613B689B694FF47A72FC
:10A4300003FB02F27B689B691344BB613B6A5B6868
:10A44000FA699A4204D13B6A9B68BA699A427DD004
:10A450007B685B68002B0DD07B685B68012B07D0A5
:10A460007B685B68022B01D13A4B04E0002302E0D9
:10A47000394B00E0394B7B617B691B693B61786933
:10A48000FAF7F4FC0346FB60FB685A08344B1344AC
:10A49000FA68B3FBF2F3BB603B6A5B68FA699A4205
:10A4A00021D0FB69002B02D101237B6204E0FA6911
:10A4B000BB68B2FBF3F37B627B6AFF2B03D92948AD
:10A4C00005F020FB3EE07B691B6923F0FF027B69FE
:10A4D0001A61796AFF2003F0F5FF02467B691B6968
:10A4E0001A437B691A613B6A9B68BA699A4222D017
:10A4F000BB69002B02D101237B6204E0BA69BB680F
:10A50000B2FBF3F37B627B6AFF2B03D9164805F09D
:10A51000F9FA17E07B691B6923F47F427B691A61B2
:10A52000796A4FF47F4003F0CDFF02467B691B69D7
:10A530001A437B691A613B6AFA695A603B6ABA69D5
:10A540009A6004E07B693A691A6100E000BF28372D
:10A55000BD4680BD007004400060044000E00B4038
:10A5600000CA9A3B3C5901106859011090B58BB054
:10A5700004AF78607B68DB693B613B691B68FB600B
:10A580007B685B68002B0DD07B685B68012B07D074
:10A590007B685B68022B01D1514804E0002002E097
:10A5A000504800E05048FB681B681C46FB681B795C
:10A5B00019467B689B680022029201930091234612
:10A5C00000220121FAF744FB78617B69002B03D05C
:10A5D0006FF015037B6168E07868FFF74FFE7861E4
:10A5E0007B69002B60D17B685B68002B0DD07B689A
:10A5F0005B68012B07D07B685B68022B01D1384B6D
:10A6000004E0002302E0374B00E0374B7A68527BCE
:10A6100011461846FAF7BAFC78617B69002B03D023
:10A620006FF015037B6140E07B685B68002B0DD009
:10A630007B685B68012B07D07B685B68022B01D1CC
:10A64000274B04E0002302E0264B00E0264B0121CB
:10A650001846FAF78BFC78617B69002B03D06FF00A
:10A6600015037B6121E07B685B68002B0DD07B6864
:10A670005B68012B07D07B685B68022B01D1184B0C
:10A6800004E0002302E0174B00E0174B08211846B6
:10A69000FAF752FC78617B69002B03D06FF0150349
:10A6A0007B6102E0002317E000BF7B685B68002B42
:10A6B0000DD07B685B68012B07D07B685B68022B41
:10A6C00001D1074B04E0002302E0064B00E0064BFB
:10A6D0001846FAF779FB7B6918461C37BD4690BDD2
:10A6E000007004400060044000E00B4080B586B07C
:10A6F00000AF786039603B68002B03D03B689B69F2
:10A70000002B02D16FF015036FE02421012003F02C
:10A71000E1F938613B69002B02D16FF00B0364E073
:10A720001821012003F0D6F9F860FB68002B03D153
:10A730006FF00B037B6151E03B689B69BB603B683A
:10A740001A683B695A603B685A683B699A603B6883
:10A750001A7A3B691A733B685A7A3B695A733B68A9
:10A760009A7A3B699A73FB68BA681A603B69FA681F
:10A77000DA613B695B68022B03D96FF015037B61DB
:10A780002CE03869FFF7F2FE78617B69002B22D15B
:10A79000BB689B68002B19D0BB68DA68BB681B6973
:10A7A0009A4203D36FF015037B6117E0FB6803F156
:10A7B0000C02BB689B6819461046FDF72EFA7861BB
:10A7C0007B69002B09D13869FFF72AFD7B683A695C
:10A7D0001A60002309E000BF00E000BFF86803F042
:10A7E00087F9386903F084F97B6918461837BD4644
:10A7F00080BD000080B582B000AF78607B68002B20
:10A8000002D16FF015031EE07B685B68002B0DD052
:10A810007B685B68012B07D07B685B68022B01D1EA
:10A820000B4B04E0002302E00A4B00E00A4B184601
:10A83000FAF7CAFA7B68DB69184603F059F97868B9
:10A8400003F056F9002318460837BD4680BD00BF07
:10A85000007004400060044000E00B4080B58EB002
:10A8600000AFF860B9607A603B60FB685B68002B02
:10A870000DD0FB685B68012B07D0FB685B68022B7F
:10A8800001D16A4B04E0002302E0694B00E0694B10
:10A89000FB62FB68DB69BB6200237B63FB681B7B9D
:10A8A0007B62FB685B68644A52F823307A6A9A429A
:10A8B0000ED0F868FFF75AFE38633B6B002B01D0CF
:10A8C0003B6B13E2FB685B685B497A6A41F82320C3
:10A8D000FB6A5B6823F4E022FB6A5A60FB681B7B1F
:10A8E0001A460123934019464FF4E02003F0EAFD95
:10A8F0000246FB6A5B681A43FB6A5A602421786847
:10A9000003F0E8F838623B6A002B02D16FF00B03CA
:10A91000ECE12421786803F0DDF8F861FB69002B95
:10A9200003D16FF00B033B63DCE11C21012003F03A
:10A93000D1F8B861BB69002B03D16FF00B033B6307
:10A94000CDE1FB6ADB6943F08012FB6ADA61FB6AE6
:10A950001B6A43F40062FB6A1A62BB681B7B002B14
:10A9600006D0FB6A5B6823F48072FB6A5A6005E0DC
:10A97000FB6A5B6843F48072FB6A5A60BB689A6842
:10A98000FB6A9A60FB6ADB6943F04002FB6ADA61AA
:10A99000BB689B681946294803F094FD0246FB6A90
:10A9A0009B681A43FB6A9A60FB6ADB6943F4800286
:10A9B000FB6ADA61FB6ADB6943F08022FB6ADA61D9
:10A9C000BB6ADB6807F1140211461846FDF732FA3C
:10A9D00038633B6B002B40F07E81BB6ADB6807F17C
:10A9E000100211461846FDF725FA38633B6B002B21
:10A9F00040F06881BB69FA681A603A69BB699A607D
:10AA00007A69BB695A60BB69FA69DA60BB693A6AFC
:10AA10001A6197F84430002B05D0BB693A685A6137
:10AA2000BB693A6C9A6100237B63C0E0007004400C
:10AA30000060044000E00B40601300200000FFFFB6
:10AA40007A6B1346DB009B1A9B001A46BB68991869
:10AA50007A6B1346DB0013449B001A46FB691344D0
:10AA60000A681A60BB6A59697A6B1346DB001344A3
:10AA70009B001A46FB6913440A465A607A6B1346D8
:10AA8000DB009B1A9B001A46BB6899187A6B134629
:10AA9000DB0013449B001A46FB6913448A689A60E2
:10AAA0007A6B1346DB0013449B001A46FB69134480
:10AAB00008221A777A6B1346DB0013449B001A4670
:10AAC000FB6913448B4A1A617A6B1346DB0013440B
:10AAD0009B001A46FB691344BA695A617A6B1346A4
:10AAE000DB0013449B001A46FB69134401221A73CE
:10AAF000BB6A19687A6B1346DB0013449B001A4645
:10AB0000FB6913440A699A617A6B1346DB009B1A4E
:10AB10009B001A46BB6899187A6B1346DB001344F6
:10AB20009B001A463B6A13444A685A60BB6A19691B
:10AB30007A6B1346DB0013449B001A463B6A1344AE
:10AB40000A461A607A6B1346DB009B1A9B001A4672
:10AB5000BB6899187A6B1346DB0013449B001A46B6
:10AB60003B6A13448A689A607A6B1346DB0013448D
:10AB70009B001A463B6A134408221A777A6B1346E5
:10AB8000DB0013449B001A463B6A134402221A73EB
:10AB9000BB6A19687A6B1346DB0013449B001A46A4
:10ABA0003B6A1344CA689A617B6B01337B637A6B9F
:10ABB0007B689A42FFF444AFBB6AD8687B697A68C5
:10ABC000F969FDF7A7F938633B6B002B71D1BB6ABC
:10ABD000D8683B697A68396AFDF79CF938633B6B42
:10ABE000002B52D1FB6A5B6843F02002FB6A5A607B
:10ABF000BB6ADB683A6911461846FDF75EFA3863AE
:10AC00003B6B002B43D1BB6ADB687A69114618465F
:10AC1000FDF753FA38633B6B002B3AD197F8443079
:10AC200083F00103DBB2002B2DD000BFBB6ADB68D1
:10AC30003A6911461846FDF7C4FA034683F001034A
:10AC4000DBB2002BF2D1BB6ADB687A691146184689
:10AC5000FDF7B7FA034683F00103DBB2002BE5D121
:10AC600000BFFB6A1B6B03F00103002BF9D1FB6AE9
:10AC70005B6823F02002FB6A5A60FB6ADB6923F001
:10AC80004012FB6ADA61002330E000BF02E000BF3F
:10AC900000E000BFBB6ADB687A6911461846FDF721
:10ACA00048FABB6ADB683A6911461846FDF741FA73
:10ACB00000E000BFBB6ADB683A6911461846FDF741
:10ACC000F7F800E000BFBB6ADB687A6911461846F6
:10ACD000FDF7EEF800E000BFB86902F009FFF8697F
:10ACE00002F006FF386A02F003FF3B6B1846383764
:10ACF000BD4680BD0DA1001080B586B002AFF860E2
:10AD0000B9607A60002301930023009300237A68DE
:10AD1000B968F868FFF7A2FD034618461037BD462C
:10AD200080BD80B586B002AFF860B9607A603B60E4
:10AD300001230193BB6900933B687A68B968F8689E
:10AD4000FFF78CFD034618461037BD4680BD000056
:10AD500080B58CB000AFF860B9607A60FB685B6862
:10AD6000002B0DD0FB685B68012B07D0FB685B688C
:10AD7000022B01D17E4B04E0002302E07D4B00E07A
:10AD80007D4BFB61012387F82730012387F82630AC
:10AD900000233B62FB68002B02D0BB68002B02D172
:10ADA0006FF01503B0E1FB681B7BBB61FB685B6860
:10ADB000724A52F82330BA699A420ED0F868FFF707
:10ADC000D5FB78617B69002B01D07B699CE1FB6836
:10ADD0005B686A49BA6941F82320FB695B6823F420
:10ADE000E022FB695A60FB681B7B1A4601239340F3
:10ADF00019464FF4E02003F065FB0246FB695B68EF
:10AE00001A43FB695A6000233B6277E1FB69DB6907
:10AE100043F08012FB69DA61FB691B6A43F400624C
:10AE2000FB691A62FB6900229A600023BB6200235F
:10AE3000FB623A6A1346DB009B1A9B001A46BB680A
:10AE400013441B7B002B06D0FB695B6823F48072E4
:10AE5000FB695A6005E0FB695B6843F48072FB693B
:10AE60005A603A6A1346DB009B1A9B001A46BB687D
:10AE700013441946F868FFF7C5FA3A6A1346DB002F
:10AE80009B1A9B001A46BB6813441B68002B41D0D9
:10AE90003A6A1346DB009B1A9B001A46BB681344B0
:10AEA0009A68FB699A60002387F82630FB69DB69A2
:10AEB00043F04002FB69DA613A6A1346DB009B1AF1
:10AEC0009B001A46BB6813441A68FB6AD1183A6A99
:10AED0001346DB009B1A9B001A46BB6813449A6812
:10AEE000FB6AD31A1A46F869FAF77CF80246FB6A3D
:10AEF0001344FB623A6A1346DB009B1A9B001A4616
:10AF0000BB6813449B68FA6A9A420CBF0123002372
:10AF100087F826303A6A1346DB009B1A9B001A46D4
:10AF2000BB6813445B68002B1BD03A6A1346DB00F6
:10AF30009B1A9B001A46BB6813449B68194610482D
:10AF400003F0C0FA0246FB699B681A43FB699A60EA
:10AF5000FB69DB6943F48002FB69DA61002387F84F
:10AF60002730FB695B6843F02002FB695A6093E07D
:10AF7000007004400060044000E00B406C130020AF
:10AF80000000FFFF3A6A1346DB009B1A9B001A463B
:10AF9000BB6813441B68002B39D03A6A1346DB00A8
:10AFA0009B1A9B001A46BB6813449B68FA6A9A4234
:10AFB0002DD23A6A1346DB009B1A9B001A46BB68E7
:10AFC00013441A68FB6AD1183A6A1346DB009B1ACD
:10AFD0009B001A46BB6813449A68FB6AD31A1A4648
:10AFE000F869F9F7FFFF0246FB6A1344FB623A6A0D
:10AFF0001346DB009B1A9B001A46BB6813449B68F0
:10B00000FA6A9A420CBF0123002387F826303A6A75
:10B010001346DB009B1A9B001A46BB6813445B680F
:10B02000002B39D03A6A1346DB009B1A9B001A4664
:10B03000BB6813449B68BA6A9A422DD23A6A134697
:10B04000DB009B1A9B001A46BB6813445A68BB6A14
:10B05000D1183A6A1346DB009B1A9B001A46BB685C
:10B0600013449A68BB6AD31A1A46F869F9F79EFF27
:10B070000246BB6A1344BB623A6A1346DB009B1A62
:10B080009B001A46BB6813449B68BA6A9A420CBF7D
:10B090000123002387F8273097F8273083F0010336
:10B0A000DBB2002B7FF46EAF97F8263083F00103FC
:10B0B000DBB2002B7FF466AF00BFFB691B6A03F4B1
:10B0C0000063002BF9D0FB695B6823F02002FB6969
:10B0D0005A60FB69DB6923F04012FB69DA613A6A66
:10B0E0001346DB009B1A9B001A46BB6813441B697E
:10B0F0001846FDF787FD3B6A01333B623A6A7B687D
:10B100009A42FFF483AE002318463037BD4680BD17
:10B1100080B58CB000AFF860B9601346FB8007F1D2
:10B12000140300221A605A609A60DA601A615A6148
:10B130009A61BB687B61BB68BB61FB88FB610123D3
:10B1400087F8203007F1140301221946F868FFF749
:10B15000FFFD034618463037BD4680BD80B582B03E
:10B1600000AF7860F6F7F8FB00BF0837BD4680BD3A
:10B1700080B582B000AF78607868FAF785FC00BFD0
:10B180000837BD4680BD80B584B000AFF860B960B7
:10B190007A607968B868F6F709FE034618461037F2
:10B1A000BD4680BD80B584B000AFF860B9607A60FC
:10B1B000F6F7F0FD0346002B05D07968B868F6F77E
:10B1C0002DFE034601E06FF0120318461037BD460E
:10B1D00080BD80B485B000AFF860B9607A606FF070
:10B1E000570318461437BD465DF8047B704780B49A
:10B1F00085B000AFF860B9607A606FF05703184609
:10B200001437BD465DF8047B7047000080B592B0EE
:10B2100000AF786039603B68002B03D03B689B69C6
:10B22000002B02D16FF01503F0E03B681B7A83F02E
:10B230000103DBB2002B02D06FF01503E6E01C2106
:10B24000012002F047FC38643B6C002B02D16FF008
:10B250000B03DBE00421012002F03CFCF863FB6BF4
:10B26000002B03D16FF00B037B64CBE03B6CFA6BDC
:10B270009A613B689B69BB63BB6B002B07D0BB6BC0
:10B280005A88644B5A81BB6B1A88624B1A81624B95
:10B2900000221A60614B00221A60614B00221A6082
:10B2A000604B00221A600023BB625F4BFB625F4B66
:10B2B0003B635F4B7B6307F128031846F5F708FAF9
:10B2C0000346002B03D06FF00D037B6497E0F7F784
:10B2D000B7F80346002B03D06FF00D037B648EE0BC
:10B2E00000224C490020F7F711F9002251490120B2
:10B2F000F7F70CF9002250490420F7F707F901226B
:10B300004E490420F7F702F902224D490420F7F7CD
:10B31000FDF800224B490220F7F7B2F800224A4913
:10B320000520F7F7ADF8002248490620F7F7A8F8FE
:10B330004748F6F7BFFB0346002B03D06FF00D0321
:10B340007B645CE0002243490520F6F7A5FA002261
:10B3500040490620F6F7A0FA3F490320F6F7E0FB44
:10B360003E4B00221A6000F067F907F11C0300222F
:10B370001A605A609A603A4B3B62FB6B07F11C0201
:10B3800011461846FDF74EF978647B6C002B35D1D9
:10B3900007F10C0300221A605A609A60DA60314BA0
:10B3A000FB600C233B7509237B752F4BBB61FB6B4B
:10B3B00018683B685B6807F10C021946FDF78FF9C6
:10B3C00078647B6C002B10D1FB6B1A683B685B6860
:10B3D00019461046FDF7CBF978647B6C002B06D13B
:10B3E0007B683A6C1A60002310E000BF00E000BFE9
:10B3F000FB6B1B681846FDF747F900E000BFF86BD0
:10B4000002F076FB386C02F073FB7B6C1846483711
:10B41000BD4680BD98000020D8130020DC1300201A
:10B42000E0130020E413002071B10010C3B4001039
:10B4300005B50010AC000020F0000020F400002052
:10B440001801002015B50010D9B5001009B600107C
:10B45000B500002069B6001055B70010E8130020B1
:10B46000085901105DB1001000100B4080B584B088
:10B4700000AF78607B68002B02D16FF0150310E0FD
:10B480007B689B69FB60FB681B681846FDF7FCF84E
:10B490007B689B69184602F02BFB786802F028FB5A
:10B4A000002318461037BD4680BD80B483B000AF7E
:10B4B00078606FF0570318460C37BD465DF8047B83
:10B4C000704780B500AF4FF080439B6803F40023C2
:10B4D000002B11D14FF080439B684FF0804243F422
:10B4E000002393604FF00060FAF793FB0346002BB4
:10B4F00002D06FF0090303E00320FAF75EFB00239C
:10B50000184680BD80B500AF0320FAF72CFB00235E
:10B51000184680BD80B582B000AF786039607B6826
:10B520005A88294B5B799BB29A423CD1274B012226
:10B530001A60274B5A01264B03F0704303F1007346
:10B54000243313441A46012313601F4B93F83730FA
:10B5500003F00703DAB21F4B1A701B4BB3F83930F4
:10B560009AB21C4B5A80184B93F83E3003F00703F5
:10B57000DAB2184B1A71144BB3F84020154BDA802D
:10B58000114B93F8273003F00703DAB2114B1A720C
:10B590000D4BB3F829309AB20E4B5A810D48F6F78D
:10B5A000D9FA03460CE07B685B88002B06D1074B79
:10B5B00000221A60F6F7A6FB034601E04FF0FF33C6
:10B5C00018460837BD4680BDAC000020D8130020C7
:10B5D000E01300203C01002080B483B000AF78600D
:10B5E00039607B685B88012B04D1064B01221A600D
:10B5F000002301E04FF0FF3318460C37BD465DF8DD
:10B60000047B7047E413002080B483B000AF7860FF
:10B6100039607B685B88012B04D1064B00221A60DD
:10B62000002301E04FF0FF3318460C37BD465DF8AC
:10B63000047B7047E413002080B400AF034B012269
:10B640001A6000BFBD465DF8047B7047DC13002024
:10B6500080B400AF034B00221A6000BFBD465DF806
:10B66000047B7047DC13002080B582B000AF034636
:10B670003960FB71FB799B001946324B03F0704235
:10B68000304B5B01134403F100730B441A46012352
:10B690001360FB79062B4ED801A252F823F000BFAD
:10B6A00031B7001037B7001037B7001011B70010CE
:10B6B0002BB70010BDB60010E7B600100320F6F758
:10B6C00011F90420F6F70EF90020F6F70BF9F5F75B
:10B6D000B1F81D4B00221A60F7F77AFBF6F712FB60
:10B6E000FFF7AAFF28E00320F6F722F90022174906
:10B6F0000320F6F7D1F80420F6F71AF900221349CF
:10B700000420F6F7C9F8F5F767F8FFF795FF13E09F
:10B71000FFF79EFFF7F75CFBF6F7F4FA0A4B0022FF
:10B720001A600B4B00221A6006E0FFF785FF03E06A
:10B73000FFF78EFF00E000BF002318460837BD4624
:10B7400080BD00BFE0130020D813002069B60010B0
:10B75000DC13002080B400AF044B01221A600023E8
:10B760001846BD465DF8047B704700BFE813002013
:10B7700080B483B000AF0346FB71FB79032B01D982
:10B78000002303E0FB79044A12F8233018460C37F3
:10B79000BD465DF8047B7047CC59011080B483B07E
:10B7A00000AF0346FB71FB79032B01D9002304E0B2
:10B7B000FB79054A9B0013445B7818460C37BD465D
:10B7C0005DF8047B704700BFCC59011080B483B092
:10B7D00000AF0346FB71FB79032B02D94FF6FF73D1
:10B7E00007E0FB79064A9B0013445B8823F07F0344
:10B7F0009BB218460C37BD465DF8047B704700BF0E
:10B80000CC59011080B586B000AFF8600B467A6065
:10B81000FB72FB68002B02D16FF012033AE07B68E9
:10B82000002B02D16FF0150334E0FB7A032B02D911
:10B830006FF021032EE0FB7A1846FFF799FF0346CD
:10B8400083F00103DBB2002B02D04FF0FF3321E085
:10B85000FB7A3B74FB68586807F110010023012252
:10B86000FCF772FE78617B69002B01D07B6911E0E7
:10B87000FB68586807F1100101230122FCF79BFEC9
:10B8800078617B69002B01D07B6903E03A7C7B689F
:10B890001A70002318461837BD4680BD80B584B0A5
:10B8A00000AF78600B46FB701346BB707B68002BC3
:10B8B00002D16FF012031FE0FB78032B02D96FF067
:10B8C000210319E0FB781846FFF768FF034683F071
:10B8D0000103DBB2002B02D04FF0FF330CE0FB780A
:10B8E0003B73BB787B737B68586807F10C010123BD
:10B8F0000222FCF729FE034618461037BD4680BDDC
:10B9000080B586B000AFF8600B467A60FB72FB68CA
:10B91000002B02D16FF0120340E07B68002B02D1B4
:10B920006FF015033AE0FB7A032B02D96FF0210385
:10B9300034E0FB7A1846FFF71BFF034683F0010350
:10B94000DBB2002B02D04FF0FF3327E0FB7A3B74D1
:10B95000FB68586807F1100100230122FCF7F4FD91
:10B9600078617B69002B01D07B6917E0FB68586820
:10B9700007F1100101230222FCF71DFE78617B69AB
:10B98000002B01D07B6909E007F11003184602F093
:10B99000F3FD03461A467B681A80002318461837C1
:10B9A000BD4680BD80B485B000AF0346FB7148231F
:10B9B000FB73FA79FB7B1340DBB2FA7B9A420CBF34
:10B9C00001230023DBB218461437BD465DF8047B23
:10B9D0007047000080B586B000AF786039607B6842
:10B9E000002B02D16FF015034EE03B681B7A18461E
:10B9F000FFF7D8FF034683F00103DBB2002B02D030
:10BA00006FF0150340E0082002F058F838613B69F8
:10BA1000002B02D16FF00B0336E007F10C033968FD
:10BA20001846FCF7AFFC78617B69002B27D1FA68D8
:10BA30003B695A607B683A691A6007F10A031A4643
:10BA40000121386900F0C8F878617B69002B10D1BA
:10BA50000220FFF7BBFE03461A467B899A4203D0B9
:10BA60006FF012037B6105E03B69094A1A6000230D
:10BA70000AE000BFFB681846FCF70EFD00E000BFBF
:10BA8000386902F035F87B6918461837BD4680BD25
:10BA9000754D4C7F80B584B000AF78600023FB60AB
:10BAA0007B68002B02D16FF015030DE07B685B68AB
:10BAB000002B05D07B685B681846FCF7EDFCF8604E
:10BAC000786802F015F8FB6818461037BD4680BD4F
:10BAD00080B586B000AF786039607B68002B02D1FA
:10BAE0006FF0150358E03B68002B02D16FF015038F
:10BAF00052E03B685B683B613B69002B02D16FF011
:10BB0000150349E007F10C0339691846FFF762FF96
:10BB100078617B69002B01D07B693DE0FB680021E7
:10BB2000184600F0F3F878617B69002B2ED1FB6892
:10BB30000021184600F0FBF878617B69002B1AD1D0
:10BB4000FA683B685B781946104600F001F97861A5
:10BB50007B69002B11D1FA683B681B7819461046A7
:10BB600000F007F978617B69002B08D1FA687B68DF
:10BB70001A60002310E000BF02E000BF00E000BF39
:10BB8000FB680121184600F0C1F800E000BFFB6827
:10BB90001846FFF77FFF7B6918461837BD4680BD02
:10BBA00080B584B000AF78607B68002B02D16FF065
:10BBB00015030DE00121786800F0A8F8F860FB6833
:10BBC000002B01D0FB6803E07868FFF763FF0346B2
:10BBD00018461037BD4680BD80B588B000AFF8600C
:10BBE0000B467A60FB72FB7A022B0CD0022B0DDC29
:10BBF000002B02D0012B03D008E00023FB7708E0E4
:10BC00000223FB7705E00323FB7702E06FF01503C7
:10BC100013E007F11602FB7F1946F868FFF770FE84
:10BC2000B861BB69002B01D0BB6906E0FB8A23F039
:10BC30007F039AB27B681A80002318462037BD46DE
:10BC400080BD80B584B000AF0346FB804FF0FF336A
:10BC5000FB60FB68DB05FB60FB681B0CFB60FB68A3
:10BC6000FA881146184602F03FFC0346BB60BB68E9
:10BC70009BB20821184602F094FC0346BB60BB68E7
:10BC80004FF4FA7202FB03F3BB60BB68184610372F
:10BC9000BD4680BD80B584B000AF78600B46FB70B8
:10BCA0001346BB707B68002B02D16FF0120329E0B2
:10BCB00007F10B031A4601217868FFF7A3FDF8602E
:10BCC000FB68002B01D0FB681CE097F90330DB43D5
:10BCD0005AB2FB7A5BB213405BB2DBB2FB72FB7809
:10BCE000BA781146184602F0EDFB0346DAB2FB7A49
:10BCF0001343DBB2FB72FB7A1A4601217868FFF727
:10BD0000CDFD034618461037BD4680BD80B582B0D4
:10BD100000AF78600B46FB70FB781A46012178680B
:10BD2000FFF7B8FF034618460837BD4680BD80B50B
:10BD300082B000AF78600B46FB70FB781A46022198
:10BD40007868FFF7A7FF034618460837BD4680BD51
:10BD500080B582B000AF78600B46FB70FB781A4666
:10BD600004217868FFF796FF034618460837BD465A
:10BD700080BD80B584B000AF78600B46FB704FF09B
:10BD8000FF33FB60FB689B07FB60FB68DB0EFB601F
:10BD9000FB68DBB2FA7819467868FFF77BFF034649
:10BDA00018461037BD4680BD2DE9F043C1B008AF3D
:10BDB00078613961FA6087ED020A534B07F11C0480
:10BDC0001D460FCD0FC40FCD0FC40FCD0FC42B6870
:10BDD000238007F11C03312219467869FCF7CEFE57
:10BDE0000023A7F8DE3082E03B699B68B7F8DE20CD
:10BDF0000221F8689847C7F8D800D7F8D830002B48
:10BE00006ED10A20FCF709FF3B69DB6807F14E029F
:10BE10000221F8689847C7F8D800D7F8D830002B27
:10BE20005FD1B7F84E30C3F30B039BB2A7F84E3087
:10BE3000B7F8DE3007EE903AB8EEE77AD7ED027A3F
:10BE400027EE277ADFED316AC7EE267AC7ED357A1D
:10BE5000B7F84E3007EE903AB8EEE77AD7ED027AAF
:10BE600027EE277ADFED296AC7EE267AC7ED347A06
:10BE7000B7F8DE60D7F8D40002F0ACFD04460D46FA
:10BE8000B7F84E307B60D7F8D00002F0A3FD8046B3
:10BE9000894697ED347AD7ED357A77EE677A17EEE3
:10BEA000900A02F097FD02460B4607F15000CDE9DB
:10BEB0000623CDE904897B680293CDE9004532462B
:10BEC000134904F031F807F15003184604F098F8CC
:10BED000024607F1500319467869FCF74FFE00E06F
:10BEE00000BFB7F8DE3003F58063A7F8DE30B7F89F
:10BEF000DE30B3F5805FFFF477AF00231846E437F8
:10BF0000BD46BDE8F08300BF105A011000007A441E
:10BF1000DC59011090B5ADF23C6D02AF07F5C66477
:10BF2000A4F22464206007F5C660A0F5C560016036
:10BF300007F5C661A1F22C610A6007F5C662A2F599
:10BF4000C66213604FF0000307F22C6213604FF0DB
:10BF5000000307F5C56213600023C7F8243621E00B
:10BF60000023C7F8203614E007F5C663A3F29C51FE
:10BF7000D7F8242613465B019B1A5B00CA18D7F832
:10BF80002036134420221A70D7F820360133C7F820
:10BF90002036D7F820363D2BE6DDD7F8243601339E
:10BFA000C7F82436D7F82436152BD9DD0023C7F877
:10BFB0001C3618E007F5C663A3F29C52D7F81C366E
:10BFC00013442D221A7007F5C663A3F29C52D7F8CA
:10BFD0001C36134403F216532D221A70D7F81C3660
:10BFE0000133C7F81C36D7F81C363D2BE2DD0023A1
:10BFF000C7F818361FE007F5C663A3F29C51D7F8BF
:10C00000182613465B019B1A5B000B447C221A70B6
:10C0100007F5C663A3F29C51D7F8182613465B01B7
:10C020009B1A5B000B443D337C221A70D7F81836FC
:10C030000133C7F81836D7F81836152BDBDD07F5AE
:10C04000C663A3F29C532B221A7007F5C663A3F2B2
:10C050009C532B2283F83D2007F5C663A3F29C5323
:10C060002B2283F8162507F5C663A3F29C532B22D7
:10C0700083F853250023C7F81436ACE00023C7F833
:10C0800010369EE0D7F81436C82202FB03F307F5FA
:10C09000C662A2F22C6212681A44D7F810369B00CE
:10C0A0001344D3ED007A07F22C6393ED007AB4EEDB
:10C0B000E77AF1EE10FA12D5D7F81436C82202FB4F
:10C0C00003F307F5C662A2F22C6212681A44D7F88D
:10C0D00010369B0013441B6807F22C62136007F5AF
:10C0E000C663A3F5C5631B6893F86130002B3BD092
:10C0F000D7F81436C82202FB03F307F5C662A2F58F
:10C10000C66212681A44D7F810369B001344D3ED68
:10C11000007AF5EEC07AF1EE10FA13D5D7F814369E
:10C12000C82202FB03F307F5C662A2F5C6621268D5
:10C130001A44D7F810369B001344D3ED007AF1EE81
:10C14000677A22E0D7F81436C82202FB03F307F51A
:10C15000C662A2F5C66212681A44D7F810369B0070
:10C160001344D3ED007A10E0D7F81436C82202FB4E
:10C1700003F307F5C662A2F5C66212681A44D7F83F
:10C1800010369B001344D3ED007A07F5BD63C3ED71
:10C19000007A07F5BD6393ED007A07F5C563D3ED2B
:10C1A000007AB4EEE77AF1EE10FA05DD07F5BD632B
:10C1B0001B6807F5C5621360D7F810360133C7F85E
:10C1C0001036D7F81036312B7FF75CAFD7F814361E
:10C1D0000133C7F8143607F5C663A3F5C5631B68BA
:10C1E0005B6DD7F814269A42FFF648AF07F22C632E
:10C1F000D3ED007A9FEDBB7AF4EEC77AF1EE10FA38
:10C2000004D54FF07E5307F22C62136007F5C56327
:10C21000D3ED007A9FEDB47AF4EEC77AF1EE10FA1E
:10C2200003D5B24B07F5C56213600023C7F80C367F
:10C23000D8E00023C7F80836CAE0D7F80C36C82281
:10C2400002FB03F307F5C662A2F22C6212681A44DD
:10C25000D7F808369B0013441B6807F2F4521360AA
:10C2600007F5C663A3F5C5631B6893F86130002B1F
:10C270003BD0D7F80C36C82202FB03F307F5C662A1
:10C28000A2F5C66212681A44D7F808369B00134418
:10C29000D3ED007AF5EEC07AF1EE10FA13D5D7F8A7
:10C2A0000C36C82202FB03F307F5C662A2F5C6628C
:10C2B00012681A44D7F808369B001344D3ED007A6D
:10C2C000F1EE677A22E0D7F80C36C82202FB03F3BE
:10C2D00007F5C662A2F5C66212681A44D7F8083696
:10C2E0009B001344D3ED007A10E0D7F80C36C82237
:10C2F00002FB03F307F5C662A2F5C66212681A4490
:10C30000D7F808369B001344D3ED007A07F5BE63D7
:10C31000C3ED007A07F2F453D3ED006A07F22C6301
:10C3200093ED007AC6EE877A9FED717A67EE877A91
:10C33000FDEEE77A17EE903A0133C7F8EC3507F5D2
:10C34000BE63D3ED006A07F5C56393ED007AC6EED0
:10C35000877AB3EE037A67EE877AFDEEE77A17EE17
:10C36000903A0133C7F8043607F5C663A3F5C563F1
:10C370001B6893F86230002B05D0D7F80436C3F160
:10C380001403C7F80436D7F8EC35002B1BDDD7F8BB
:10C39000EC353C2B17DCD7F80436002B13DDD7F82F
:10C3A0000436142B0FDC07F5C663A3F29C51D7F8B3
:10C3B000042613465B019B1A5B00CA18D7F8EC35BC
:10C3C00013442A221A70D7F808360133C7F8083602
:10C3D000D7F80836312B7FF730AFD7F80C3601335A
:10C3E000C7F80C3607F5C663A3F5C5631B685B6D1C
:10C3F000D7F80C269A42FFF61CAF6420FCF70DFC20
:10C4000007F5C663A3F5C5631B681A6C07F5C66319
:10C41000A3F5C5631B68596C07F5C663A3F5C5632F
:10C420001B689B6C07F1140000930B46314903F025
:10C430007BFD07F11403184603F0E2FD024607F105
:10C44000140107F5C663A3F224631868FCF796FB92
:10C4500007F5C663A3F5C5631B6893F86130002B2D
:10C4600001D0254C00E0254C07F5C563186802F0A3
:10C47000B1FA02460B4607F11400CDE9002322462B
:10C480001F4903F051FD07F11403184603F0B8FDEE
:10C49000024607F1140107F5C663A3F22463186886
:10C4A000FCF76CFB07F22C63186802F093FA024663
:10C4B0000B4607F11400134903F036FD07F114038E
:10C4C000184603F09DFD024607F1140107F5C66307
:10C4D000A3F224631868FCF751FB0023C7F8003669
:10C4E00031E000BF0AD7233C6F12833A0AD7233CBE
:10C4F00000006C42445A0110785A0110805A011011
:10C50000845A0110A05A011007F19401D7F80026AF
:10C5100013465B019B1A5B00194407F5C663A3F23F
:10C5200024633E221868FCF729FB07F5C663A3F2D3
:10C530002463022249491868FCF720FBD7F800362B
:10C540000133C7F80036D7F80036152BDCDD07F1CC
:10C5500014034349184603F0E7FC07F11403184697
:10C5600003F04EFD024607F1140107F5C663A3F27E
:10C5700024631868FCF702FB07F22C6393ED007A42
:10C58000F1EE046AC7EE267A07F5BF63C3ED007AC1
:10C590000123C7F8FC3533E007F5C663A3F2246333
:10C5A000072230491868FCF7E9FAD7F8FC3507EE9E
:10C5B000903AB8EEE77A07F5BF63D3ED007A67EEFD
:10C5C000277A17EE900A02F005FA02460B4607F1A9
:10C5D0001400254903F0A8FC07F11403184603F0E2
:10C5E0000FFD024607F1140107F5C663A3F22463A9
:10C5F0001868FCF7C3FAD7F8FC350133C7F8FC35E7
:10C60000D7F8FC35052BC7DD07F5C663A3F2246315
:10C61000062216491868FCF7B1FA07F5C663A3F5B8
:10C62000C5631B681A6C07F114031149184603F01F
:10C630007BFC07F11403184603F0E2FC024607F105
:10C64000140107F5C663A3F224631868FCF796FA91
:10C6500000BF07F23467BD4690BD00BFC05A01104D
:10C66000C45A0110C85A0110D05A0110D85A0110EA
:10C67000E05A0110B0B5B2B002AFF860B9607A60AC
:10C680003B60BB68DA6C07F130036E49184603F073
:10C690004BFC07F13003184603F0B2FC024607F1E9
:10C6A00030031946F868FCF769FA0023C7F8BC3074
:10C6B0000023C7F8B8302EE0D7F8BC3007F13002BD
:10C6C000D018D7F8B8305A1CD7F8B83001335E49C3
:10C6D00003F02AFC0246D7F8BC301344C7F8BC303C
:10C6E000BB68DB6D013BD7F8B8209A420EDAD7F869
:10C6F000BC3007F1300213445449184603F014FCCF
:10C700000246D7F8BC301344C7F8BC30D7F8B8306D
:10C710000133C7F8B830BB68DB6DD7F8B8209A4250
:10C72000CADBD7F8BC3007F1300213444849184639
:10C7300003F0FAFB0246D7F8BC301344C7F8BC300C
:10C74000D7F8BC2007F130031946F868FCF716FA51
:10C750000023C7F8B4305BE00023C7F8B03047E0EF
:10C76000D7F8B030C82202FB03F37A681A44D7F82E
:10C77000B4309B0013441B68184602F02BF90446A2
:10C780000D46D7F8B030C82202FB03F33A681A44CA
:10C79000D7F8B4309B0013441B68184602F01AF90E
:10C7A00002460B4607F13000CDE9002322462B4616
:10C7B000284903F0B9FB07F13003184603F020FCC9
:10C7C000024607F130031946F868FCF7D7F9BB6851
:10C7D000DB6D013BD7F8B0209A4204DA01221B49F5
:10C7E000F868FCF7CBF9D7F8B0300133C7F8B030B0
:10C7F000BB68DB6DD7F8B0209A42B1DB0222164944
:10C80000F868FCF7BBF9D7F8B4300133C7F8B43097
:10C81000D7F8B430312B9FDD104B07F114041D46BF
:10C820000FCD0FC495E8070003C4227007F114036D
:10C8300018221946F868FCF7A1F900BFC037BD46B9
:10C84000B0BD00BF085B0110285B0110345B011014
:10C85000385B01103C5B0110C05A0110485B0110AD
:10C86000B0B5ADF52B6D04AF07F52A63A3F69C2395
:10C87000186007F52A63A3F52A6319600023C7F837
:10C88000403ABC4B07F68C221360BB4B07F688225C
:10C890001360BA4B07F68422136007F52A63A3F5E9
:10C8A0002A631B681A6C07F52A63A3F52A631B68C1
:10C8B000596C07F52A63A3F52A631B689B6C07F67E
:10C8C000B81000930B46AE4903F02EFB07F6B813E1
:10C8D000184603F095FB024607F6B81107F52A63E0
:10C8E000A3F69C231868FCF749F907F52A63A3F51A
:10C8F0008C7207F52A63A3F52A631B68154603F1BA
:10C9000010040FCC0FC50FCC0FC594E80F0085E8BD
:10C910000F0007F52A63A3F52A631B681B6807F657
:10C92000881107F5246210469847C7F89C0AD7F883
:10C930009C3A002B21D007F52A63A3F52A631B68D4
:10C940001A6C07F52A63A3F52A631B685B6C07F66C
:10C95000B8108C4903F0E8FA07F6B813184603F04C
:10C960004FFB024607F6B81107F52A63A3F69C238E
:10C970001868FCF703F900F0D6BD07F52A63A3F5A4
:10C980002A631B681A6C07F52A63A3F52A631B68E0
:10C990005B6C07F6B8107C4903F0C6FA07F6B813CB
:10C9A000184603F02DFB024607F6B81107F52A6377
:10C9B000A3F69C231868FCF7E1F8D7F8403A07F68D
:10C9C0003C2211461846FAF7A3FAC7F89C0AD7F892
:10C9D0009C3A002B18D007F52A63A3F614236B4A60
:10C9E0001C4615460FCD0FC40FCD0FC42B682380F6
:10C9F00007F18C0107F52A63A3F69C23212218680E
:10CA0000FCF7BCF800F08FBDD7F83C3A07EE903A3F
:10CA1000B8EE677ADFED5E6AC7EE267A07F528631F
:10CA2000C3ED007AD7F83C4A07F52863186801F08F
:10CA3000D1FF02460B4607F64810CDE900232246F7
:10CA4000544903F071FA07F64813184603F0D8FA70
:10CA5000024607F6481107F52A63A3F69C231868D7
:10CA6000FCF78CF807F52A63A3F52A631B68DB68DB
:10CA7000D7F8400A07F6461208219847C7F89C0ADB
:10CA8000D7F89C3A002B40F0918007F52A63A3F574
:10CA9000AD731B88C3F30B039AB207F52A63A3F5A2
:10CAA000AD731A80D7F83C3A07EE903AF8EE677A01
:10CAB0009FED397A27EE877ADFED386AC7EE267A5E
:10CAC00007F67C23C3ED007AD7F83C3A07EE903A9C
:10CAD000B8EE677ADFED326AC6EE877A07F678231A
:10CAE000C3ED007A07F52A63A3F5AD731B8807EE43
:10CAF000903AB8EE677A07F67823D3ED007A37EEEE
:10CB0000277A07F67C23D3ED007A27EE277ADFED2C
:10CB1000256AC7EE267A07F67423C3ED007A07F577
:10CB20002A63A3F52A631B681C6C07F67423186834
:10CB300001F050FF02460B4607F52A61A1F5AD71E1
:10CB4000098807F18C000291CDE90023224616499D
:10CB500003F0EAF907F18C03184603F051FA024694
:10CB600007F18C0107F52A63A3F69C231868FCF7EC
:10CB700005F832E000003C42009837473333333F3A
:10CB8000645B0110985B0110B85B0110985D0110A7
:10CB900000008045DC5B0110E0BB0F4D286B6E4E42
:10CBA000E8FEE5C900007A44005C011007F52A633D
:10CBB000A3F64C13AF4A1C4615460FCD0FC495E89B
:10CBC0000F0007C4237007F5AA7107F52A63A3F6BF
:10CBD0009C231C221868FBF7D1FF07F52A63A3F5F5
:10CBE0002A631B68B3F86430002B00F0828007F5DD
:10CBF0002A63A3F52A631B68B3F8643007EE903A02
:10CC0000F8EEE76A07F5286393ED007AC6EE877AB7
:10CC1000FCEEE77A17EE903AA7F8723A07F52A6326
:10CC2000A3F52A631B689B68D7F8400A07F52A62B8
:10CC3000A2F52A62126892F86610B7F8722A98472D
:10CC4000C7F89C0AD7F89C3A002B1ED007F52A6338
:10CC5000A3F52A631B6893F866301A4607F6B813E3
:10CC60008549184603F060F907F6B813184603F033
:10CC7000C7F9024607F6B81107F52A63A3F69C2305
:10CC80001868FBF77BFF00F04EBC07F52A63A3F59D
:10CC90002A631B6893F866301D46B7F8724AB7F8E6
:10CCA000723A07EE903AB8EEE77A07F52863D3EDCB
:10CCB000007A67EE277A17EE900A01F08BFE0246A3
:10CCC0000B4607F6B810CDE9002323462A466B49E8
:10CCD00003F02AF907F6B813184603F091F9024653
:10CCE00007F6B81107F52A63A3F69C231868FBF72B
:10CCF00045FFDFED636A07F5286393ED007AC6EE22
:10CD0000877AFCEEE77A17EE903AA7F8703A07F5C3
:10CD10002A63A3F52A631B6893F86830002B2AD096
:10CD2000B7F8704AB7F8703A07EE903AB8EEE77A7B
:10CD300007F52863D3ED007A67EE277A17EE900A9D
:10CD400001F048FE02460B4607F6B810CDE9002375
:10CD500022464C4903F0E8F807F6B813184603F0EA
:10CD60004FF9024607F6B81107F52A63A3F69C238C
:10CD70001868FBF703FF07F52A63A3F52A631B680E
:10CD80009B68D7F8400AB7F8702A00219847C7F87F
:10CD90009C0AD7F89C3A002B1BD007F52A63A3F610
:10CDA0001423394A1C4615460FCD0FC40FCD0FC4AE
:10CDB0002B681A46228002341B0C237007F18C0169
:10CDC00007F52A63A3F69C2322221868FBF7D6FEF8
:10CDD000A9E307F52A63A3F52A631B6893F8683073
:10CDE000002B19D007F52A63A3F61423274A1C4603
:10CDF00015460FCD0FC40FCD0FC495E8030020607A
:10CE00000434217007F18C0107F52A63A3F69C23F3
:10CE100024221868FBF7B2FE07F52A63A3F52A63FC
:10CE20001B689B68D7F8400AB7F8702A0221984718
:10CE3000C7F89C0AD7F89C3A002B2BD007F52A6339
:10CE4000A3F61423124A1C4615460FCD0FC40FCD6E
:10CE50000FC42B681A46228002341B0C237007F182
:10CE60008C0107F52A63A3F69C2322221868FBF79E
:10CE700085FE58E3BC5D0110245C0110545C011078
:10CE80000000FA43885C0110DC5D0110005E0110B7
:10CE9000285E011007F52A63A3F52A631B6893F83F
:10CEA0006830002B76D007F52A63A3F61423D64A00
:10CEB0001C4615460FCD0FC40FCD0FC495E80300D7
:10CEC00020600434217007F18C0107F52A63A3F672
:10CED0009C2324221868FBF751FE0A20FBF79DFED5
:10CEE00007F52A63A3F52A631B68DB68D7F8400AB5
:10CEF00007F5A97202219847C7F89C0AD7F89C3A0F
:10CF0000002B47D107F52A63A3F64E131B88C3F302
:10CF10000B039AB207F52A63A3F64E131A8007F59E
:10CF20002A63A3F64E131B8807EE903AB8EEE77A11
:10CF300007F52863D3ED007A27EE277ADFEDB36A91
:10CF4000C7EE267A07F66C23C3ED007A07F52A634D
:10CF5000A3F64E131B881C4607F66C23186801F0D5
:10CF600039FD02460B4607F6B810CDE900232246EC
:10CF7000A74902F0D9FF07F6B813184603F040F8A6
:10CF8000024607F6B81107F52A63A3F69C23186832
:10CF9000FBF7F4FD07F52A63A3F52A631B6893F8F2
:10CFA0006730002B11D0D7F8402A07F52A63A3F584
:10CFB0002A6107F52A63A3F69C2307F5286090ED04
:10CFC000000A09681868FEF7EFFE0023C7F8983AD0
:10CFD00007F25C534FF47A720021184602F0E6FC27
:10CFE00007F5BA734FF47A720021184602F0DEFC9E
:10CFF00007F52A63A3F52A631B6893F86030002BBA
:10D000000CD007F52A63A3F52A631B689A6C07F610
:10D01000B8138049184602F087FF05E007F6B813F9
:10D020007D49184602F080FF07F6B813184602F053
:10D03000E7FF024607F6B81107F52A63A3F69C231B
:10D040001868FBF79BFD0023C7F8943A3CE207F50C
:10D050002A63A3F52A631B68B3F950301A4607F513
:10D060002A63A3F52A631B68B3F952301946D7F82F
:10D07000943A01FB03F31344C7F8683AD7F8683AC7
:10D0800007EE903AF8EEE76A07F5286393ED007A29
:10D09000C6EE877AFCEEE77A17EE903AA7F8663A82
:10D0A00007F52A63A3F52A631B689B68D7F8400A33
:10D0B000B7F8662A00219847C7F89C0AD7F89C3A27
:10D0C000002B1BD007F52A63A3F61423534A1C46F2
:10D0D00015460FCD0FC40FCD0FC42B681A46228002
:10D0E00002341B0C237007F18C0107F52A63A3F6A9
:10D0F0009C2322221868FBF741FD14E23220FBF743
:10D100008CFDB7F8663A07EE903AB8EEE77A07F585
:10D110002863D3ED007A27EE277ADFED3C6AC7EE6D
:10D12000267A07F52663C3ED007A07F5266393EDAB
:10D13000007A07F68423D3ED007A77EE676A07F664
:10D14000882393ED007AC6EE877A07F65C23C3ED59
:10D15000007A07F65C23D3ED007A9FED317A67EE13
:10D16000877A07F65823C3ED007A07F52663186817
:10D1700001F030FC04460D4607F65823186801F00C
:10D1800029FC02460B4607F10C00CDE9002322469C
:10D190002B46244902F0C8FE07F10C03184602F0A2
:10D1A0002FFF024607F10C0107F52A63A3F69C2323
:10D1B0001868FBF7E3FC0023C7F8903A60E107F535
:10D1C0002A63A3F52A631B68B3F958301A4607F59A
:10D1D0002A63A3F52A631B68B3F95A301946D7F8B6
:10D1E000903A01FB03F31344C7F8543A07F52A6356
:10D1F000A3F52A631B6893F86030002B14D0D7F88E
:10D20000903AC3F1310311E04C5E011000007A4402
:10D21000C45C0110F05C0110285D0110DC5D0110A0
:10D2200000247449445D0110D7F8903AC7F8503A89
:10D23000D7F8543A07EE903AF8EEE76A07F5286314
:10D2400093ED007AC6EE877AFCEEE77A17EE903A15
:10D25000A7F84E3A07F52A63A3F52A631B689B6873
:10D26000D7F8400AB7F84E2A02219847C7F89C0A17
:10D27000D7F89C3A002B1BD007F52A63A3F614239A
:10D28000B34A1C4615460FCD0FC40FCD0FC42B68F3
:10D290001A46228002341B0C237007F18C0107F51B
:10D2A0002A63A3F69C2322221868FBF767FC3AE165
:10D2B0000A20FBF7B2FC07F52A63A3F52A631B6873
:10D2C000DB68D7F8400A07F63A2201219847C7F8E9
:10D2D0009C0AD7F89C3A002B1AD007F52A63A3F6CC
:10D2E00074139C4A1C4615460FCD0FC495E80F00D9
:10D2F00007C4238002341B0C237007F5967107F5D1
:10D300002A63A3F69C231E221868FBF737FC0AE168
:10D3100007F52A63A3F52A631B68DB68D7F8400A80
:10D3200007F6382202219847C7F89C0AD7F89C3A9A
:10D33000002B1AD007F52A63A3F69413864A1C46DD
:10D3400015460FCD0FC495E80F0007C423800234A3
:10D350001B0C237007F5867107F52A63A3F69C233F
:10D360001E221868FBF70AFCDDE0B7F83A3AC3F36F
:10D370000B039BB2A7F83A3AB7F8383AC3F30B035A
:10D380009BB2A7F8383AB7F8383A1A46B7F83A3A9B
:10D39000D31A07EE903AB8EEE77A07F52863D3ED93
:10D3A000007A67EE276A07F68C2393ED007AC6EEC3
:10D3B000877A07F64823C3ED007AB7F83A3A07EEC2
:10D3C000903AB8EEE77A07F52863D3ED007A27EEB6
:10D3D000277ADFED626AC7EE267A07F64423C3EDAB
:10D3E000007A07F52A63A3F24452D7F8983A32211B
:10D3F00003FB01F1D7F8503A0B449B00134407F6A6
:10D40000442212681A6007F52A63A3F62C12D7F893
:10D41000983A322103FB01F1D7F8503A0B449B00B4
:10D42000134407F6482212681A6007F64423186866
:10D4300001F0D0FA04460D4607F64823186801F0BB
:10D44000C9FA02460B4607F18C00CDE900232246BB
:10D450002B46434902F068FD07F18C03184602F0A1
:10D46000CFFD024607F18C0107F52A63A3F69C2342
:10D470001868FBF783FBD7F8903A0133C7F8903A66
:10D48000D7F8903A312B7FF79AAE07F52A63A3F6C7
:10D490005413344A1268114619800233120C1A7060
:10D4A00007F5A67107F52A63A3F69C2302221868E4
:10D4B000FBF764FBD7F8983A0133C7F8983AD7F8E6
:10D4C000943A0133C7F8943A07F52A63A3F52A631F
:10D4D0001B685B6DD7F8942A9A42FFF6B8AD07F542
:10D4E000BA7307F25C5207F52A61A1F52A6107F5C4
:10D4F0002A60A0F69C2009680068FEF70BFD07F57E
:10D50000BA7307F25C5207F52A61A1F52A6107F5A3
:10D510002A60A0F69C2009680068FFF7ABF84FF47A
:10D520007A70FBF77AFBD7F8403A002B09D007F561
:10D530002A63A3F52A631B685B68D7F8402A104664
:10D540009847D7F89C3A184607F52A67BD46B0BDFC
:10D55000285E0110745E0110945E011000007A4490
:10D560006C5D0110385B011080B59EB000AF786033
:10D5700007F10C036C220021184602F017FA204B29
:10D58000FB60204B3B61204B7B61204BBB61012347
:10D590003B771F4B7B621F4BFB621F4A07F1300337
:10D5A00092E8030083E803001C4A07F1380392E87D
:10D5B000030083E803001A4BFB641A4B3B651A4BCC
:10D5C0007B651A4BBB6540F2F313A7F85C304FF450
:10D5D000FA73A7F85E3005233B663223A7F866305E
:10D5E0000523BB66012387F86E3007F10C0319464B
:10D5F0007868FFF735F9034618467837BD4680BD91
:10D60000DD730010C57500107F70001009710010E7
:10D610004801002068010020D05E0110D85E011092
:10D62000B45E0110BC5E0110C05E0110C45E01104A
:10D6300080B59EB000AF786007F10C036C2200212A
:10D64000184602F0B3F92A4BFB602A4B3B612A4B88
:10D650007B612A4BBB6101233B77294BBB62294A83
:10D6600007F1300392E8030083E80300264A07F13C
:10D67000380392E8030083E80300244BFB64244B47
:10D680003B65244B7B65244BBB654FF4FA63A7F8DD
:10D690005C304FF60C63A7F85E3004233B6640F61F
:10D6A000C313A7F864304FF6CE73A7F8663004238F
:10D6B000BB66012387F86C30012387F86D3040F694
:10D6C000C313A7F87030032387F87230012387F85B
:10D6D0007330012387F8743007F10C03194678681A
:10D6E000FFF7BEF8034618467837BD4680BD00BF39
:10D6F00085790010117B00102F7600109F760010A6
:10D7000098010020D05E0110D85E0110E05E01108B
:10D71000E85E0110EC5E0110F05E0110B0B5AEB035
:10D7200002AF78600023C7F8A030002387F8983054
:10D73000002387F89930564BC7F89C3007F19802C0
:10D7400007F1A00311461846FEF7C2F9C7F8AC006E
:10D75000D7F8AC30002B12D04E4B07F160041D46B9
:10D760000FCD0FC495E8030020600434218007F139
:10D770006003152219467868FBF700FA78E04FF449
:10D780007A70FBF74AFA0023C7F8A83057E0D7F8B9
:10D79000A03007F1940200211846FEF71DFAC7F8E1
:10D7A000AC00D7F8AC30002B12D03A4B07F148044C
:10D7B0001D460FCD0FC495E803002060043421807E
:10D7C00007F14803152219467868FBF7D7F94FE0AF
:10D7D000D7F894309BB21846FEF733FA0346C7F8E1
:10D7E000A430D7F8A4302C4AA2FB03239909D7F818
:10D7F000A420294BA3FB02039B094FF47A7000FB82
:10D8000003F3D31AD7F8942007F1080000920A46D0
:10D81000224902F089FB07F10803184602F0F0FBE9
:10D82000024607F1080319467868FBF7A7F9642058
:10D83000FBF7F3F9D7F8A8300133C7F8A830D7F8C9
:10D84000A830632BA3DD164B07F178041D460FCDDE
:10D850000FC495E8070003C4228007F1780319225A
:10D8600019467868FBF78AF94FF47A70FBF7D5F917
:10D87000D7F8A030002B04D0D7F8A0301846FEF718
:10D880008FF9D7F8AC301846B037BD46B0BD00BFF1
:10D89000AC010020245F0110D34D6210FC5E01102A
:10D8A0003C5F0110B0B5A8B000AF0023C7F89830B6
:10D8B00007F198035F491846FBF7EEF8C7F89C009C
:10D8C000D7F89C30002B02D0D7F89C30AEE04FF454
:10D8D000FA60FBF7A2F9584A07F1900392E80300B7
:10D8E00083E80300D7F8983007F190010722184623
:10D8F000FBF744F9514B07F164041D460FCD0FC4EB
:10D900000FCD0FC495E8070003C422800234130C26
:10D910002370D7F8983007F164012A221846FBF7E4
:10D920002DF9474B07F13C041D460FCD0FC40FCD19
:10D930000FC495E80300206004342180D7F89830A4
:10D9400007F13C0125221846FBF718F9D7F8983063
:10D9500007F164012A221846FBF710F9D7F898302E
:10D960001846FFF701FEC7F89C00D7F89C30002B43
:10D9700010D0344B3C1D1D460FCD0FC40FCD0FC42E
:10D980002B682370D7F89830391D20221846FBF7F2
:10D99000F5F840E04FF4FA60FBF73FF9D7F898301C
:10D9A0001846FFF745FEC7F89C00D7F89C30002BBF
:10D9B00010D0254B3C1D1D460FCD0FC40FCD0FC4FD
:10D9C0002B682370D7F89830391D20221846FBF7B2
:10D9D000D5F820E04FF4FA60FBF71FF9D7F898303C
:10D9E0001846FFF79BFEC7F89C00D7F89C30002B29
:10D9F00010D0164B07F128041D460FCD0FC42B681D
:10DA00002370D7F8983007F1280110221846FBF749
:10DA1000B5F800E000BFD7F89830002B04D0D7F855
:10DA200098301846FBF77CF8D7F89C301846A0379A
:10DA3000BD46B0BD7C010020585F0110605F011041
:10DA40008C5F0110B45F0110D85F0110FC5F011002
:10DA500080B586B000AF3B1D00221A605A609A6004
:10DA6000154BBB603A1D07F1100311461846FAF733
:10DA7000D9FD78617B69002B01D07B6917E03B6998
:10DA800018211846FAF773FE78617B69002B08D1DC
:10DA9000FFF708FF78613B6918211846FAF789FEFD
:10DAA00000E000BF3B691846FAF7EEFD7B691846B7
:10DAB0001837BD4680BD00BF0859011080B582B03F
:10DAC00000AF7860786801F017FC03461846083705
:10DAD000BD4680BD80B582B000AF786039603968DE
:10DAE000786801F083FB034618460837BD4680BDC1
:10DAF00080B582B000AF7860786801F005FC00BFA7
:10DB00000837BD4680BD80B483B000AF786039600F
:10DB10007A683B68D31A9B1018460C37BD465DF8EF
:10DB2000047B704780B586B000AFF860B9607A605A
:10DB30000C210120FFF7CEFF78617B69002B01D11A
:10DB4000002309E07B69FA681A607B69BA685A6049
:10DB50007B697A689A607B6918461837BD4680BD34
:10DB600080B485B000AFF860B9607A60FB68002BC4
:10DB700007D0BB68002B01D0BB6800E07B68FA6867
:10DB80009360BB68002B05D0BB68FA685A60BB681D
:10DB90007A689A607B68002B07D0BB68002B01D0A5
:10DBA000BB6800E0FB687A68536000BF1437BD466D
:10DBB0005DF8047B704780B485B000AFF860B96051
:10DBC0007A60FB681B68BA689A420CD1FB687A6875
:10DBD0005A60BB68002B02D07B68002B0FD1FB681A
:10DBE0007A681A600BE0FB68BA681A607B68002BE1
:10DBF00002D0BB68002B02D1FB68BA685A6000BF34
:10DC00001437BD465DF8047B7047000080B483B0D4
:10DC100000AF78600B46FB70FB78012B11D0032B13
:10DC20001FD17B681A4A1A607B681A4A5A607B685F
:10DC3000194A9A607B68194ADA607B68184A1A6147
:10DC40001FE07B68174A1A607B68124A5A607B683B
:10DC5000114A9A607B68114ADA607B68104A1A613F
:10DC60000FE07B680F4A1A607B680F4A5A607B6836
:10DC70000A4A9A607B68084ADA607B680B4A1A6134
:10DC800000BF00BF0C37BD465DF8047B704700BF86
:10DC90009BDE001093E0001085DF0010D3DF001042
:10DCA00021DF001031DE001015E1001053DF0010FD
:10DCB00080B586B000AFF8600B467A60FB72FB68F7
:10DCC000002B02D14FF0FF332FE018210120FFF786
:10DCD00001FF78617B69002B02D14FF0FF3324E014
:10DCE0001C210120FFF7F6FE38613B69002B05D1AE
:10DCF0007869FFF7FDFE4FF0FF3316E0FB687A69A5
:10DD00001A607B693A695A617B68002B01D07B6895
:10DD100000E0084B3A69D360FB7A19467869FFF74F
:10DD200075FF3B693A695A61002318461837BD46AA
:10DD300080BD00BF07DB001080B584B000AF786005
:10DD40007B68002B02D14FF0FF331CE07B685B69DE
:10DD5000FB60FB681B69002B02D04FF0FF3312E021
:10DD600000BF07F108031946786800F092F90346EE
:10DD7000002BF6D07B685B691846FFF7B9FE786820
:10DD8000FFF7B6FE002318461037BD4680BD80B4AD
:10DD900085B000AF786039607B68002B02D03B68AB
:10DDA000002B02D14FF0FF3307E07B685B69FB601B
:10DDB000FB689A683B681A60002318461437BD4612
:10DDC0005DF8047B704780B586B000AF786039603D
:10DDD0007B68002B02D14FF0FF3325E07B685B6945
:10DDE0007B6100233B617B691B68FB60FA683969D2
:10DDF0003868FFF797FEB860BB68002B02D14FF080
:10DE0000FF3311E0FA68B9683869FFF7A9FE7B694A
:10DE10005B681A46B9687869FFF7CDFE7B699B6835
:10DE20005A1C7B699A60002318461837BD4680BD8E
:10DE300080B586B000AF786039607B68002B02D176
:10DE40004FF0FF3325E07B685B697B617B695B6832
:10DE50003B610023FB60FA6839693868FFF762FEAE
:10DE6000B860BB68002B02D14FF0FF3311E0FA68B5
:10DE7000B9683869FFF774FE7B691B68BA68194690
:10DE80007869FFF798FE7B699B685A1C7B699A60EA
:10DE9000002318461837BD4680BD80B584B000AF5A
:10DEA000786039607B68002B02D14FF0FF3333E09C
:10DEB0007B685B69BB60BB681B68FB600CE0BB6890
:10DEC000DB68FA6812683968104698470346002BE9
:10DED00006DCFB689B68FB60FB68002BEFD100E071
:10DEE00000BFFB68002B0CD1BB685A68BB689A6105
:10DEF000BB68143301223968184600F034FA03462F
:10DF00000AE0BB68FA689A61BB681433002239687A
:10DF1000184600F028FA034618461037BD4680BD63
:10DF200080B485B000AF786039607B68002B02D187
:10DF30004FF0FF3307E07B685B69FB60FB681B68A1
:10DF40003A681A60002318461437BD465DF8047B12
:10DF5000704780B485B000AF786039607B68002B73
:10DF600002D14FF0FF3307E07B685B69FB60FB6821
:10DF70005B683A681A60002318461437BD465DF89E
:10DF8000047B704780B485B000AF786039607B68EF
:10DF9000002B02D03B68002B02D14FF0FF3312E080
:10DFA0003B6800221A607B685B69FB60FB681B684A
:10DFB000002B02D14FF0FF3305E0FB681B681A68A5
:10DFC0003B681A60002318461437BD465DF8047B91
:10DFD000704780B485B000AF786039607B68002BF3
:10DFE00002D03B68002B02D14FF0FF3312E03B68B8
:10DFF00000221A607B685B69FB60FB685B68002B32
:10E0000002D14FF0FF3305E0FB685B681A683B689C
:10E010001A60002318461437BD465DF8047B70472C
:10E0200080B586B000AFF860B9607A60FB68002BFD
:10E0300002D0BB68002B02D14FF0FF3325E0BB6854
:10E0400000221A60FB685B697B617B69002B02D14F
:10E050004FF0FF3319E0FB685B697B617B691A68ED
:10E060007B699A617B6914337968184600F0C3F8BC
:10E070000346002B02D04FF0FF3306E07B691433D8
:10E08000B968184600F04FF9034618461837BD46E0
:10E0900080BD80B586B000AF786039607B68002BAA
:10E0A00002D03B68002B02D14FF0FF332EE03B68DB
:10E0B00000221A607B685B697B617B699B68002B2F
:10E0C00002D14FF0FF3321E07B691B683B613B6964
:10E0D0005B68FB603B699B68BB60BA680021F868BD
:10E0E000FFF73EFD7B695B681A46B9687869FFF700
:10E0F00062FD7B699B685A1E7B699A603B691A685E
:10E100003B681A603869FFF7F3FC0023184618379C
:10E11000BD4680BD80B586B000AF786039607B6851
:10E12000002B02D03B68002B02D14FF0FF332EE0D2
:10E130003B6800221A607B685B697B617B699B6836
:10E14000002B02D14FF0FF3321E07B695B683B611C
:10E150003B695B68FB603B699B68BB60BA680021F8
:10E16000F868FFF7FDFC7B691B68FA681946786957
:10E17000FFF721FD7B699B685A1E7B699A603B69AA
:10E180001A683B681A603869FFF7B2FC002318462A
:10E190001837BD4680BD80B586B000AFF860B96065
:10E1A0007A60FB68002B02D0BB68002B02D14FF0D5
:10E1B000FF331CE0BB6800221A60FB685B697B616F
:10E1C0007B691A687B699A617B69143379681846A0
:10E1D00000F011F80346002B02D04FF0FF3306E0A9
:10E1E0007B691433B968184600F033F803461846C3
:10E1F0001837BD4680BD80B584B000AF7860396007
:10E200007B68BB60BB68002B02D14FF0FF331CE082
:10E21000BB681B681B68FB6012E0BB681B68DB689F
:10E22000FA6812683968104698470346002B04D1F3
:10E23000BB68FA685A60002307E0FB689B68FB60D4
:10E24000FB68002BE9D14FF0FF3318461037BD466D
:10E2500080BD80B584B000AF786039607B68BB60FA
:10E26000BB68002B06D0BB685B68002B02D03B6804
:10E27000002B02D14FF0FF3351E0BB685B68586858
:10E28000BB685B689B681A460021FFF769FCBB68A6
:10E290005A68BB681B681B689A420BD1BB68186838
:10E2A000BB685B689968BB681B685B681A46FFF7C8
:10E2B00082FC11E0BB685A68BB681B685B689A42C5
:10E2C0000AD1BB681868BB681B681968BB685B68C3
:10E2D0005B681A46FFF76FFCBB681B689A68013AD7
:10E2E0009A60BB685B681A683B681A60BB685A68CA
:10E2F000BB681B685B689A4204D1BB685B685B685B
:10E30000FB6003E0BB685B689B68FB60BB685B68A5
:10E310001846FFF7EDFBBB68FA685A600023184601
:10E320001037BD4680BD80B485B000AF78603960DD
:10E330007B68FB60FB68002B06D0FB685B68002BEA
:10E3400002D03B68002B02D14FF0FF3305E0FB68A1
:10E350005B681A683B681A60002318461437BD468C
:10E360005DF8047B704780B58CB000AFF860B96091
:10E370001346FB71FB68BB62BB6A002B02D14FF0F6
:10E38000FF3355E0FB681B687B62FB79002B0ED0E6
:10E39000BB6A5A68BB6A1B685B689A4207D107F17F
:10E3A0001003B9681846FFF743FD034640E0FB79C8
:10E3B00083F00103DBB2002B0ED0BB6A5A68BB6A44
:10E3C0001B681B689A4207D107F11003B968184609
:10E3D000FFF7F9FC03462BE0FB79002B0AD0BB6A60
:10E3E0005968BB6A5B689B681A46B868FFF79AFB76
:10E3F000F86209E0BB6A5B685968BB6A5B681A46E9
:10E40000B868FFF78FFBF862FB6A002B02D14FF070
:10E41000FF330DE0FB6A5868FB6A9B681A46F96A8D
:10E42000FFF79EFBBB6A1B689A6801329A60002363
:10E4300018463037BD4680BD80B483B000AF7860E9
:10E4400000BF0C37BD465DF8047B704780B483B0D5
:10E4500000AF786000BF0C37BD465DF8047B7047A5
:10E4600080B483B000AF786000BF0C37BD465DF864
:10E47000047B704780B483B000AF786000BF0C3776
:10E48000BD465DF8047B704780B485B000AF78600E
:10E490000023FB600CE07B6803F00103002B01D03C
:10E4A000FB6809E07B685B087B60FB680133FB600D
:10E4B0007B68002BEFD1202318461437BD465DF84A
:10E4C000047B704780B582B000AF786039607868AF
:10E4D000FFF7DAFF02463B6803FA02F27B6813405B
:10E4E00018460837BD4680BD90B583B000AF786050
:10E4F00039603A687B6802EA03047868FFF7C4FF72
:10E50000034624FA03F318460C37BD4690BD80B489
:10E5100085B000AF0346FB710023FB600AE0FB7986
:10E5200003F00103002B02D0FB680133FB60FB7991
:10E530005B08FB71FB79002BF1D1FB68184614379F
:10E54000BD465DF8047B704790B583B000AF0346CD
:10E55000FB80FB881B0A9BB2DBB21846FFF7D7FF94
:10E560000446FB88DBB21846FFF7D1FF034623447D
:10E5700018460C37BD4690BD80B483B000AF7860BC
:10E580007B6801331B781AB27B681B781B021BB2B5
:10E5900013431BB29BB218460C37BD465DF8047B93
:10E5A000704780B485B000AF03463960FB803B689C
:10E5B000DBB2C3F10F03FB73FA88FB7B02FA03F3B0
:10E5C0001BB21A46FB7B42FA03F31BB21846143700
:10E5D000BD465DF8047B7047424885464248804707
:10E5E00080B94249424A434B9B1A03DD043BC85859
:10E5F000D050FBDC4049414A00209142BCBF41F869
:10E60000040BFAE73E4880473E4880473E48804733
:10E61000FFF7FEFFFEE7FEE7FEE7FEE7FEE7FEE7A9
:10E62000FEE7FEE7FEE7FEE7FEE7FEE7FEE7FEE7C2
:10E63000FEE7FEE7FEE7FEE7FEE7FEE7FEE7FEE7B2
:10E64000FEE7FEE7FEE7FEE7FEE7FEE7FEE7FEE7A2
:10E65000FEE7FEE7FEE7FEE7FEE7FEE7FEE7FEE792
:10E66000FEE7FEE7FEE7FEE7FEE7FEE7FEE7FEE782
:10E67000FEE7FEE7FEE7FEE7FEE7FEE7FEE7FEE772
:10E68000FEE7FEE7FEE7FEE7FEE7FEE7FEE7FEE762
:10E69000FEE7FEE7FEE7FEE7FEE7FEE7FEE7FEE752
:10E6A000FEE7FEE7FEE7FEE7FEE7FEE7FEE7FEE742
:10E6B000FEE7FEE7FEE7FEE7FEE7FEE7FEE7FEE732
:10E6C000FEE7FEE7FEE7FEE7FEE7FEE7FEE7FEE722
:10E6D000FEE7FEE7FEE7FEE7FEE7FEE7FEE7FEE712
:10E6E000FEE7000000C00820490300103864011054
:10E6F000000000209C0B0020A00B00203414002000
:10E7000001040010B1F2001051DA001081F0004154
:10E7100002E000BF83F0004330B54FEA41044FEA06
:10E72000430594EA050F08BF90EA020F1FBF54EAA1
:10E73000000C55EA020C7FEA645C7FEA655C00F03D
:10E74000E2804FEA5454D4EB5555B8BF6D420CDD0E
:10E750002C4480EA020281EA030382EA000083EA91
:10E76000010180EA020281EA0303362D88BF30BD31
:10E7700011F0004F4FEA01314FF4801C4CEA113187
:10E7800002D0404261EB410113F0004F4FEA0333E6
:10E790004CEA133302D0524263EB430394EA050F71
:10E7A00000F0A780A4F10104D5F1200E0DDB02FAE0
:10E7B0000EFC22FA05F2801841F1000103FA0EF274
:10E7C000801843FA05F359410EE0A5F120050EF13A
:10E7D000200E012A03FA0EFC28BF4CF0020C43FA6B
:10E7E00005F3C01851EBE37101F0004507D54FF078
:10E7F000000EDCF1000C7EEB00006EEB0101B1F5C8
:10E80000801F1BD3B1F5001F0CD349085FEA30000D
:10E810004FEA3C0C04F101044FEA445212F5800F18
:10E8200080F09A80BCF1004F08BF5FEA500C50F1B5
:10E83000000041EB045141EA050130BD5FEA4C0C98
:10E84000404141EB0101013C28BFB1F5801FE9D2F5
:10E8500091F0000F04BF01460020B1FA81F308BF18
:10E860002033A3F10B03B3F120020CDA0C3208DDE4
:10E8700002F1140CC2F10C0201FA0CF021FA02F1BF
:10E880000CE002F11402D8BFC2F1200C01FA02F12F
:10E8900020FA0CFCDCBF41EA0C019040E41AA2BF54
:10E8A00001EB0451294330BD6FEA04041F3C1CDA1C
:10E8B0000C340EDC04F11404C4F1200220FA04F03C
:10E8C00001FA02F340EA030021FA04F345EA0301E6
:10E8D00030BDC4F10C04C4F1200220FA02F001FAA8
:10E8E00004F340EA0300294630BD21FA04F029462A
:10E8F00030BD94F0000F83F4801306BF81F48011C3
:10E900000134013D4EE77FEA645C18BF7FEA655C35
:10E9100029D094EA050F08BF90EA020F05D054EA07
:10E92000000C04BF1946104630BD91EA030F1EBF0C
:10E930000021002030BD5FEA545C05D14000494110
:10E9400028BF41F0004130BD14F580043CBF01F503
:10E95000801130BD01F0004545F0FE4141F47001E9
:10E960004FF0000030BD7FEA645C1ABF19461046C4
:10E970007FEA655C1CBF0B46024650EA013406BFC5
:10E9800052EA033591EA030F41F4002130BD00BF84
:10E9900090F0000F04BF0021704730B54FF4806441
:10E9A00004F132044FF000054FF0000150E700BFC2
:10E9B00090F0000F04BF0021704730B54FF4806421
:10E9C00004F1320410F0004548BF40424FF000010E
:10E9D0003EE700BF42004FEAE2014FEA31014FEA51
:10E9E00002701FBF12F07F4393F07F4F81F06051A0
:10E9F000704732F07F4208BF704793F07F4F04BFEB
:10EA000041F40021704730B54FF4607401F00045C7
:10EA100021F000411CE700BF50EA010208BF704727
:10EA200030B54FF000050AE050EA010208BF704718
:10EA300030B511F0004502D5404261EB41014FF481
:10EA4000806404F132045FEA915C3FF4D8AE4FF089
:10EA500003025FEADC0C18BF03325FEADC0C18BF6C
:10EA6000033202EBDC02C2F1200300FA03FC20FABD
:10EA700002F001FA03FE40EA0E0021FA02F114440A
:10EA8000BDE600BF70B54FF0FF0C4CF4E06C1CEA23
:10EA900011541DBF1CEA135594EA0C0F95EA0C0F94
:10EAA00000F0DEF82C4481EA030621EA4C5123EA07
:10EAB0004C5350EA013518BF52EA033541F4801136
:10EAC00043F4801338D0A0FB02CE4FF00005E1FBE9
:10EAD00002E506F00042E0FB03E54FF00006E1FB33
:10EAE00003569CF0000F18BF4EF0010EA4F1FF0476
:10EAF000B6F5007F64F5407404D25FEA4E0E6D41B6
:10EB000046EB060642EAC62141EA55514FEAC520C6
:10EB100040EA5E504FEACE2EB4F1FD0C88BFBCF542
:10EB2000E06F1ED8BEF1004F08BF5FEA500E50F1F3
:10EB3000000041EB045170BD06F0004646EA0101B9
:10EB400040EA020081EA0301B4EB5C04C2BFD4EBEB
:10EB50000C0541EA045170BD41F480114FF0000EE4
:10EB6000013C00F3AB8014F1360FDEBF002001F052
:10EB7000004170BDC4F10004203C35DA0C341BDCCC
:10EB800004F11404C4F1200500FA05F320FA04F09E
:10EB900001FA05F240EA020001F0004221F00041D2
:10EBA00010EBD37021FA04F642EB06015EEA430E45
:10EBB00008BF20EAD37070BDC4F10C04C4F1200575
:10EBC00000FA04F320FA05F001FA04F240EA020028
:10EBD00001F0004110EBD37041F100015EEA430EF9
:10EBE00008BF20EAD37070BDC4F1200500FA05F219
:10EBF0004EEA020E20FA04F301FA05F243EA020398
:10EC000021FA04F001F0004121FA04F220EA0200A6
:10EC100000EBD3705EEA430E08BF20EAD37070BDEC
:10EC200094F0000F0FD101F00046400041EB0101CC
:10EC300011F4801F08BF013CF7D041EA060195F0AE
:10EC4000000F18BF704703F00046520043EB030368
:10EC500013F4801F08BF013DF7D043EA0603704755
:10EC600094EA0C0F0CEA135518BF95EA0C0F0CD060
:10EC700050EA410618BF52EA4306D1D181EA0301A6
:10EC800001F000414FF0000070BD50EA410606BFA0
:10EC90001046194652EA430619D094EA0C0F02D1E5
:10ECA00050EA013613D195EA0C0F05D152EA03362A
:10ECB0001CBF104619460AD181EA030101F0004148
:10ECC00041F0FE4141F470014FF0000070BD41F091
:10ECD000FE4141F4780170BD70B54FF0FF0C4CF46B
:10ECE000E06C1CEA11541DBF1CEA135594EA0C0F8A
:10ECF00095EA0C0F00F0A7F8A4EB050481EA030ED7
:10ED000052EA03354FEA013100F088804FEA0333BD
:10ED10004FF0805545EA131343EA12634FEA02228B
:10ED200045EA111545EA10654FEA00260EF000414C
:10ED30009D4208BF964244F1FD0404F5407402D29E
:10ED40005B084FEA3202B61A65EB03055B084FEA2F
:10ED500032024FF480104FF4002CB6EB020E75EB2C
:10ED6000030E22BFB61A754640EA0C005B084FEA54
:10ED70003202B6EB020E75EB030E22BFB61A7546D1
:10ED800040EA5C005B084FEA3202B6EB020E75EB1C
:10ED9000030E22BFB61A754640EA9C005B084FEA94
:10EDA0003202B6EB020E75EB030E22BFB61A7546A1
:10EDB00040EADC0055EA060E18D04FEA051545EA90
:10EDC00016754FEA06164FEAC30343EA52734FEA39
:10EDD000C2025FEA1C1CC0D111F4801F0BD141EAB2
:10EDE00000014FF000004FF0004CB6E711F4801F17
:10EDF00004BF01430020B4F1FD0C88BFBCF5E06FF7
:10EE00003FF6AFAEB5EB030C04BFB6EB020C5FEA06
:10EE1000500C50F1000041EB045170BD0EF0004E5B
:10EE20004EEA113114EB5C04C2BFD4EB0C0541EA8D
:10EE3000045170BD41F480114FF0000E013C90E68A
:10EE400045EA060E8DE60CEA135594EA0C0F08BF4E
:10EE500095EA0C0F3FF43BAF94EA0C0F0AD150EA4D
:10EE600001347FF434AF95EA0C0F7FF425AF1046E0
:10EE700019462CE795EA0C0F06D152EA03353FF408
:10EE8000FDAE1046194622E750EA410618BF52EA85
:10EE900043067FF4C5AE50EA41047FF40DAF52EA59
:10EEA00043057FF4EBAE12E753B94AB9002908BF16
:10EEB00000281CBF4FF0FF314FF0FF3000F074B955
:10EEC000ADF1080C6DE904CE00F006F8DDF804E0C1
:10EED000DDE9022304B070472DE9F047089D0446A0
:10EEE0008E46002B4DD18A42944669D9B2FA82F2FD
:10EEF00052B101FA02F3C2F1200120FA01F10CFA39
:10EF000002FC41EA030E94404FEA1C48210CBEFB70
:10EF1000F8F61FFA8CF708FB16E341EA034306FBF9
:10EF200007F199420AD91CEB030306F1FF3080F088
:10EF30001F81994240F21C81023E63445B1AA4B2D5
:10EF4000B3FBF8F008FB103344EA034400FB07F777
:10EF5000A7420AD91CEB040400F1FF3380F00A81B8
:10EF6000A74240F207816444023840EA0640E41BAD
:10EF700000261DB1D4400023C5E900433146BDE859
:10EF8000F0878B4209D9002D00F0EF800026C5E9FB
:10EF9000000130463146BDE8F087B3FA83F6002E13
:10EFA0004AD18B4202D3824200F2F980841A61EB8B
:10EFB000030301209E46002DE0D0C5E9004EDDE7A9
:10EFC00002B9FFDEB2FA82F2002A40F09280A1EB91
:10EFD0000C014FEA1C471FFA8CFE0126200CB1FBE6
:10EFE000F7F307FB131140EA01410EFB03F08842DF
:10EFF00008D91CEB010103F1FF3802D2884200F26C
:10F00000CB804346091AA4B2B1FBF7F007FB1011FD
:10F0100044EA01440EFB00FEA64508D91CEB04049B
:10F0200000F1FF3102D2A64500F2BB800846A4EBF6
:10F030000E0440EA03409CE7C6F12007B34022FAE1
:10F0400007FC4CEA030C20FA07F401FA06F31C4310
:10F05000F9404FEA1C4900FA06F3B1FBF9F8200C1D
:10F060001FFA8CFE09FB181140EA014108FB0EF063
:10F07000884202FA06F20BD91CEB010108F1FF3AB3
:10F0800080F08880884240F28580A8F102086144BF
:10F09000091AA4B2B1FBF9F009FB101144EA0141CD
:10F0A00000FB0EFE8E4508D91CEB010100F1FF3478
:10F0B0006CD28E456AD90238614440EA0840A0FB10
:10F0C0000294A1EB0E01A142C846A64656D353D0E6
:10F0D0005DB1B3EB080261EB0E0101FA07F722FA0A
:10F0E00006F3F1401F43C5E9007100263146BDE833
:10F0F000F087C2F12003D8400CFA02FC21FA03F396
:10F10000914001434FEA1C471FFA8CFEB3FBF7F016
:10F1100007FB10360B0C43EA064300FB0EF69E423B
:10F1200004FA02F408D91CEB030300F1FF382FD2D4
:10F130009E422DD9023863449B1B89B2B3FBF7F67C
:10F1400007FB163341EA034106FB0EF38B4208D955
:10F150001CEB010106F1FF3816D28B4214D9023E96
:10F160006144C91A46EA004638E72E46284605E7B4
:10F170000646E3E61846F8E64B45A9D2B9EB020885
:10F1800064EB0C0E0138A3E74646EAE7204694E715
:10F190004046D1E7D0467BE7023B614432E7304648
:10F1A00009E76444023842E7704700BF00B50B4CE2
:10F1B00025681446EE681A4685B003460D464CB1E4
:10F1C00007490095CDE901143046064900F05CF886
:10F1D00003F020FD04490C46F3E700BFE4010020E2
:10F1E00010600110206001101C60011010B4044C6C
:10F1F00003460A4620685DF8044B194600F002B841
:10F20000E401002038B5A1FB02148CBB00F084F8A7
:10F210000546E0B150F8042C22F00302043A242AF7
:10F2200017D8132A1AD91B2AC0E900441DD9242A49
:10F2300014BF00F1100200F118024FF00003C0E902
:10F24000024404BF04614461C2E90033936028466C
:10F2500038BD214600F0AAFB284638BD02460023EF
:10F26000C2E900339360284638BD00F10802F6E792
:10F2700000F004F80C2300250360E8E7014B186850
:10F28000704700BFE40100200EB410B583B005AB99
:10F29000064C53F8042B01930146206802F0F2FC5F
:10F2A00003B0BDE8104003B0704700BFE401002088
:10F2B00070B50D4E0D4D761BB61006D0002455F8D6
:10F2C000043B01349847A642F9D1094E094D761BFB
:10F2D00007F0A0F8B61006D0002455F8043B01341E
:10F2E0009847A642F9D170BD900B0020900B0020EA
:10F2F000980B0020900B0020024B0146186800F08C
:10F300000BB800BFE4010020024B0146186804F06E
:10F3100021BF00BFE40100202DE9F04F01F10B06F1
:10F32000162E83B0044624D8102900F2BA8000F0CB
:10F330008FFB102618220220B54F3A44A2F1080193
:10F3400053688B4200F0BA805A68D96822F00302F1
:10F350001A449D68E9608D60516841F001012046C2
:10F36000516003F1080500F079FB284603B0BDE8C1
:10F37000F08F36F0070600F19480B14200F29180E0
:10F3800000F066FBB6F5FC7FC0F09A81730A00F0CE
:10F390008F80042B00F26F81B30903F1390003F170
:10F3A000380CC3009A4F3B44A3F108055B689D42AB
:10F3B00006D10CE0002980F22781DB689D4206D04F
:10F3C0005A6822F00302911B0F29F3DD60463D6964
:10F3D000DFF850C265457CD06A6822F00302931BB7
:10F3E0000F2B00F37B81002BC7E904CC80F26C81EA
:10F3F000B2F5007F80F01A81D308796801334FEAB3
:10F40000521E012202FA0EF20A4357F833E0C5F801
:10F4100008E007EBC3010839E9607A6047F8335028
:10F42000CEF80C50831001219940914257D81142D7
:10F4300006D120F003004900114200F10400FAD087
:10F4400007EBC0094D468646D5F80C80454508D1E6
:10F450001DE1002B80F22481D8F80C80454500F096
:10F460001681D8F8042022F00302931B0F2BF0DD45
:10F470002046D8E9025408EB060146F00106C8F818
:10F480000460EC60A56043F00104C7E90411C1E920
:10F4900002CC4C6048F8023000F0E0FA08F10805B0
:10F4A00002E00C2323600025284603B0BDE8F08F5E
:10F4B0004FF4007340204FF03F0C73E7D3689A423B
:10F4C00008BF02307FF440AF3D69DFF858C16545A1
:10F4D00082D17A688310012199409142A7D9BD68F1
:10F4E0006B6823F003094E4503D8A9EB06030F2BE5
:10F4F0007ADCDFF834B1474BDBF800201B680132BF
:10F50000334405EB090A00F0338103F580530F33D0
:10F5100023F47F6828F00F084146204600F0F2FCF3
:10F52000411C024600F0F380824500F2EE803A4B27
:10F53000196841441960084600F04E81DBF800105C
:10F54000019301311BBFA2EB0A0A5044CBF8002003
:10F55000186012F0070B00F01781CBF108010A4484
:10F56000CBF5805190440831A1EB0801C1F30B0A9F
:10F5700051462046009200F0C5FC421CDDE9002304
:10F5800000F04F81801A00EB0A081968BA6048F051
:10F5900001005144BD425060196000F02981B9F169
:10F5A0000F0F40F227816868A9F10C0C2CF0070CB2
:10F5B00000F0010040EA0C0068604FF0050E05EB1A
:10F5C0000C00BCF10F0FC0E901EE00F2328150686F
:10F5D0001546124B1A688A4238BF1960104B1A68D8
:10F5E0008A4238BF196094E0AA1943F0010346F03B
:10F5F00001066E602046BA60536000F02FFA0835AD
:10F60000284603B0BDE8F08FD9681A44A1E600BFD0
:10F61000100600201C140020EC13002014140020FD
:10F620001814002018060020180A0020B2F5206FD8
:10F630004FEA522363D3142B00F2B78003F15C012D
:10F64000C9005B3307EB010E7958AEF1080E8E4509
:10F6500000F091804B6823F00303934202D989683C
:10F660008E45F7D1D1F80CE07A68C5E9021ECEF8D4
:10F670000850CD60D6E6142B59D9542B00F29D804A
:10F68000330B03F16F0003F16E0CC3008AE60EF139
:10F69000010E1EF0030F05F108057FF4D5AE51E011
:10F6A000424445465368D8F80C1043F001035360B8
:10F6B00055F8083F2046D9608B6000F0CFF9F3E69B
:10F6C000F00806F1080237E62A442046536843F062
:10F6D00001035360083500F0C1F9E5E6A919204699
:10F6E00046F0010643F001046E60C7E90411C1E968
:10F6F00002CC4C60AB5000F0B1F90835D4E6930968
:10F7000003F13901C90038339CE7BD425FD0BD68C1
:10F71000686820F003084645A8EB060302D80F2BC3
:10F720003FF762AF204600F099F90025BCE603F1EF
:10F730005C0003F15B0CC30034E659F808394B4513
:10F7400040F0968010F0030F00F1FF30F5D17B6898
:10F7500023EA01037B60490099423FF6C0AE19B924
:10F76000BDE649000EF1040E1942FAD0704667E674
:10F7700003F11008D0E69A104FF001087B6808FAF0
:10F7800002F21A437A6070E702EB08014942C1F3C2
:10F790000B0A51462046009200F0B4FB431CDDE901
:10F7A00000237FF4EFAEDA46EFE6542B25D8130B97
:10F7B00003F16F01C9006E3344E7B3F5AA7F25D882
:10F7C000F30B03F1780003F1770CC300EAE5294B52
:10F7D000186840441860B1E6CAF30B0CBCF1000F86
:10F7E0007FF4ACAEBD68C84448F001006860F0E644
:10F7F0001546EEE60123536094E7B3F5AA7F23D8BC
:10F80000D30B03F17801C90077331BE740F2545260
:10F81000934223D8B30C03F17D0003F17C0CC300A9
:10F82000C0E5ABF1080BD844A8EB02084FF0000A82
:10F83000ABE605F108012046009304F08BFCBD689F
:10F84000009B68681968C4E640F254518B420BD89B
:10F85000930C03F17D01C9007C33F3E64FF47E7312
:10F860007F204FF07E0C9DE54FF47E717E23E9E60C
:10F870007B6870E7EC130020844641EA000313F034
:10F8800003036DD1403A41D351F8043B40F8043BA7
:10F8900051F8043B40F8043B51F8043B40F8043B6A
:10F8A00051F8043B40F8043B51F8043B40F8043B5A
:10F8B00051F8043B40F8043B51F8043B40F8043B4A
:10F8C00051F8043B40F8043B51F8043B40F8043B3A
:10F8D00051F8043B40F8043B51F8043B40F8043B2A
:10F8E00051F8043B40F8043B51F8043B40F8043B1A
:10F8F00051F8043B40F8043B51F8043B40F8043B0A
:10F9000051F8043B40F8043B403ABDD2303211D3A9
:10F9100051F8043B40F8043B51F8043B40F8043BE9
:10F9200051F8043B40F8043B51F8043B40F8043BD9
:10F93000103AEDD20C3205D351F8043B40F8043BA9
:10F94000043AF9D2043208D0D2071CBF11F8013BA7
:10F9500000F8013B01D30B8803806046704700BF6D
:10F96000082A13D38B078DD010F003038AD0C3F17C
:10F970000403D21ADB071CBF11F8013B00F8013B5E
:10F9800080D331F8023B20F8023B7BE7043AD9D31D
:10F99000013A11F8013B00F8013BF9D20B780370F2
:10F9A0004B7843708B78837060467047830730B51F
:10F9B00048D0541E002A3FD0CAB2034601E0013CA1
:10F9C0003AD303F8012B9D07F9D1032C2DD9CDB2E1
:10F9D00045EA05250F2C45EA054536D9A4F1100264
:10F9E00022F00F0C03F1200EE6444FEA121C03F143
:10F9F000100242E9045542E9025510327245F8D12D
:10FA00000CF1010214F00C0F03EB021204F00F0CC6
:10FA100013D0ACF1040323F003030433134442F87E
:10FA2000045B9342FBD10CF003042CB1CAB21C441A
:10FA300003F8012B9C42FBD130BD64461346002CD9
:10FA4000F4D1F9E703461446BFE71A46A446E0E7B7
:10FA5000014804F02FBE00BF24140020014804F028
:10FA60002BBE00BF2414002070B5054688B00846A0
:10FA70000C4600F0C5FA224EAA6B059001214318EE
:10FA8000CDE9066104A8022104940393AC680190B7
:10FA9000029122B3636E13F0010FB4F90C309AB2E5
:10FAA00001D1980525D5910406D4626E43F4005324
:10FAB00022F40052A3816266284601AA214604F07E
:10FAC0004FFC636E002814BF4FF0FF350A25DA079C
:10FAD00002D4A3899B0506D5284608B070BD2846E8
:10FAE00004F0B8F9D6E7A06D04F0E6FD284608B0AA
:10FAF00070BDA06D04F0DEFDB4F90C309AB2D2E70F
:10FB000054600110024B01461868FFF7ADBF00BFFB
:10FB1000E401002010B4044C03460A4620685DF856
:10FB2000044B194600F002B8E40100202DE9F84F1B
:10FB30001746002900F0988007F10B0580460C4617
:10FB4000FFF786FF162D5DD810252A46AF425ED8F6
:10FB500054F8041C21F003069642A4F1080962DA65
:10FB6000BC4BD3F808C009EB0600844500F0978031
:10FB7000D0F804C02CF0010303445B68DB0768D4B1
:10FB80002CF0030C06EB0C03934247DACB0710D49E
:10FB900054F8083CA9EB030ADAF8043023F0030117
:10FBA0008C44B444944580F211817318934280F2DE
:10FBB000E88039464046FFF7AFFB0746E0B154F80E
:10FBC000043C23F001034B44A0F10802934200F0EF
:10FBD000D280321F242A00F2F580132A00F2AC8072
:10FBE00003462246116819605168596092689A600C
:10FBF0002146404604F0AEFA4046FFF72FFF384654
:10FC0000BDE8F88F25F00705002D2A469EDA0C2363
:10FC1000C8F8003000273846BDE8F88F1E46D0E906
:10FC20000223D3609A60731B0F2B22D8D9F80430BB
:10FC300003F0010333434E44C9F80430736843F0C2
:10FC40000103736040462746FFF708FF3846BDE8CA
:10FC5000F88FC907ADD454F8083CA9EB030ADAF8C9
:10FC6000041021F00301A0E7BDE8F84F1146FFF7AB
:10FC700053BBD9F8041001F001012943C9F804105D
:10FC800009EB05014E4443F001034B60736843F0F8
:10FC9000010308317360404604F05CFAD2E7DCF8F7
:10FCA000040020F0030B06EB0B0C05F1100084455B
:10FCB0004DDAC9073FF57DAF54F8081CA9EB010ADE
:10FCC000DAF8041021F003018B44B34458453FF7A0
:10FCD0006CAF5746DAF80C1057F8080F321F242A79
:10FCE000C160886000F2DB80132A40F2D680216870
:10FCF000CAF808106168CAF80C101B2A00F2DF80ED
:10FD000008340AF110022168116061685160A1682D
:10FD100091600AEB0501ABEB050242F0010299602C
:10FD20004A60DAF8043003F001031D434046CAF884
:10FD30000450FFF793FE6EE7236803606368436037
:10FD40001B2A68D804F1080200F108034AE709EB0E
:10FD500005029A60ACEB050343F00103536054F8CD
:10FD6000043C03F001031D43404644F8045CFFF7E4
:10FD700075FE27464FE750F8043C23F003031E446A
:10FD800051E75746DAF80C1057F8080F321F242AAB
:10FD9000C16088604CD8132A48D92168CAF8081075
:10FDA0006168CAF80C101B2A56D808340AF11002F0
:10FDB0001E462368136063685360A3689360D1464E
:10FDC0003C4630E7214604F06BFD11E7D0E9021311
:10FDD0005746CB60996057F8081FDAF80C30CB60B3
:10FDE000321F242A99602DD8132A29D92368CAF8EA
:10FDF00008306368CAF80C301B2A42D808340AF16C
:10FE0000100322681A6062685A60A2689A606646A7
:10FE1000D1463C4607E7A3688360E368C360242AB1
:10FE200026D004F1100200F11003DBE63A46BFE7EA
:10FE3000214638461E46D14604F032FD3C46F2E6E5
:10FE40003B46DEE7214638466646D14604F028FDAB
:10FE50003C46E8E610060020A168CAF81010E168E8
:10FE6000CAF81410242A20D010340AF118029FE78F
:10FE7000236903616169416104F1180200F118030B
:10FE8000B0E6A368CAF81030E368CAF81430242A30
:10FE900021D010340AF11803B3E73A4633E721467C
:10FEA000384604F0FDFC164B33E72269CAF81820E7
:10FEB0006269CAF81C2018340AF1200278E7A168A8
:10FEC000CAF81010E168CAF81410242A0DD01034B2
:10FED0000AF1180217E72369CAF818306369CAF8EB
:10FEE0001C3018340AF120038BE72269CAF8182065
:10FEF0006269CAF81C2018340AF1200203E700BF27
:10FF00001006002038B5074D0022044608462A6036
:10FF1000F0F774F9431C00D038BD2B68002BFBD0E0
:10FF2000236038BD301400200EB410B59DB06FF0C2
:10FF300000411FABCDE906010491094953F8042B98
:10FF40000290084C0868019302A9059400F0F8F8A3
:10FF5000029B00221A701DB0BDE8104003B070472C
:10FF6000E40100200802FFFF10B50C46B1F90E10A5
:10FF700005F0CAF8002803DB236D0344236510BD98
:10FF8000A38923F48053A38110BD00BF2DE9F04164
:10FF90000C46B1F90C101F46CB05054616460BD48E
:10FFA00021F48051A1813B46B4F90E103246284617
:10FFB000BDE8F04102F0A4BDB4F90E100223002206
:10FFC00004F07CFBB4F90C10EAE700BF10B50C4656
:10FFD000B1F90E1004F072FBA389421C0EBF23F48A
:10FFE000805343F480532065A38110BDB1F90E10F6
:10FFF00002F01EBE00000000000000000000000033
:020000041001E9
:1000000090F800F06DE9024520F007016FF0000C58
:1000100010F0070491F820F040F049804FF0000400
:100020006FF00700D1E9002391F840F000F10800DB
:1000300082FA4CF2A4FA8CF283FA4CF3A2FA8CF313
:100040004BBBD1E9022382FA4CF200F10800A4FA7A
:100050008CF283FA4CF3A2FA8CF3E3B9D1E90423CE
:1000600082FA4CF200F10800A4FA8CF283FA4CF305
:10007000A2FA8CF37BB9D1E9062301F1200182FABF
:100080004CF200F10800A4FA8CF283FA4CF3A2FAC5
:100090008CF3002BC6D0002A04BF04301A4612BAD3
:1000A000B2FA82F2FDE8024500EBD2007047D1E9D6
:1000B000002304F00305C4F100004FEAC50514F065
:1000C000040F91F840F00CFA05F562EA05021CBF36
:1000D00063EA050362464FF00004A9E730B540EA41
:1000E0000104A30701D1032A0FD8844601F1FF3E82
:1000F00007E01EF8011F03F8011B541EC1B19C4606
:1001000022466346002AF4D130BD0B468446194688
:1001100053F8045BA5F1013424EA050414F0803F90
:10012000E4D1043A032A4CF8045B1946EFD8DDE722
:100130006244002CE8D003F8011B9342FBD130BD90
:100140002DE9F04F2DED0A8BCFB00C4691460AEE0B
:10015000101A09930AEE900A04F0A4FA03681393A4
:100160001846FFF74DFFA38912901A0603D523699D
:10017000002B00F0A0874D469FEDA57B2B78002437
:1001800025AACDE92344CDE91544CDE917448DEDE9
:10019000107B1AEE909A0E94229290461494059435
:1001A000002B00F0EC81AB4604E01BF8013F002B74
:1001B00000F01A81252BF8D1BBEB050640F0188121
:1001C0009BF80030002B00F0DA8100234FF0FF3263
:1001D0009BF801708DF86B3006930BF1010B0492C4
:1001E0009A462B2420210BF1010BA7F120035A2B57
:1001F00000F23C81DFE813F0D5023A013A01D00267
:100200003A013A013A016A003A013A016502FE02F6
:100210003A017002E4023A01DF025B005B005B001E
:100220005B005B005B005B005B005B003A013A0136
:100230003A013A013A013A013A01D2013A01360251
:100240008500D201D201D2013A013A013A013A01C4
:10025000CB023A013A01C6003A013A013A014002A2
:100260003A0175023A013A014F073A013A013A015F
:100270003A013A013A013A013A01D2013A01360211
:100280008700D201D201D201BE02870080003A016C
:10029000B1023A019902C800870280003A01400287
:1002A0007D002A073A013A012E073A017D00A7F1A5
:1002B000300300221BF8017B02EB820203EB4202B7
:1002C000A7F13003092BF5D906928EE7484604F0D2
:1002D000E9F9436817931846FFF792FE189006460F
:1002E000484604F0DFF9836815932021002E40F082
:1002F000C2859BF8007076E79BF800704AF0200AF0
:1003000071E74AF0100A1AF0200F099B00F09A8159
:10031000073323F007031A465B6852F8084B09922B
:100320001E46002BC0F26B85049B013301F03A801E
:100330002AF08003039354EA060300F0E7840A2CB2
:1003400076F1000380F0908730340123DDF80CA0B3
:100350008DF8374107930DF23715049907989DF8EA
:100360006B3081424FF00002B8BF01460892039102
:100370000C920F920D92002B00F08980039A0132AB
:10038000039284E04AF0100A1AF0200600F04B8134
:10039000099B073323F007035E6853F8084B099362
:1003A0002AF480630393002300228DF86B20049AC3
:1003B000551C00F02682039921F0800A54EA0601B8
:1003C00040F01D82002A41F02980002B40F0A484D7
:1003D000039B13F00103079300F0428530238DF84F
:1003E00037310DF23715B8E7BBEB050600F0C780D3
:1003F000249B33442493239B0133072BC8E90056E5
:10040000239309DC08F10808059B33440593D7E6DC
:1004100000000000000000001AEE101A22AA484650
:1004200004F004FF90B90DF19408EDE71AEE101AEC
:1004300022AA484604F0FAFE002800F09180089BAA
:1004400023B108991AEE900A03F084FE1AEE103ACE
:100450009B8913F0400F059B18BF4FF0FF330593A6
:1004600005984FB0BDEC0A8BBDE8F08F002F00F06F
:10047000868000238DF8D4708DF86B300122CDE991
:100480000723039204930C930F930D9335AD1AF049
:1004900002020A9202D0039A023203921AF08402F4
:1004A0000B9205D1069A0399561A002E00F30D837C
:1004B000249C8BB1239B0DF16B0201330134C8F8EE
:1004C0000020072B4FF0010224942393C8F8042046
:1004D00000F3338308F108080A9B83B1239B1BAA0E
:1004E00001330234C8F80020072B4FF00202249495
:1004F0002393C8F8042000F32D8308F108080B9B10
:10050000802B00F00F82049B079A9E1A002E00F3A6
:1005100050821AF4807F40F0AB81079BC8F804300A
:100520001C44239BC8F800500133072B24942393C9
:1005300000F3BE8208F108081AF0040F05D0069BEC
:10054000039A9D1A002D00F31283DDE90532039909
:100550008A42ACBF9B185B180593002C7FF466AFF2
:1005600000232393089B1BB10899484603F0F2FD32
:100570000DF194085D462B78002B7FF414AE249B7C
:10058000002B3FF463AF1AEE104A1AEE101A1AEE5F
:10059000900A22AA04F04AFEA3895AE7099B07336E
:1005A00023F00703B3EC027B8DED107BDDE9101225
:1005B000099322F000430BEE101A0BEE903A4FF025
:1005C000FF32B0EE4B9AF0EE6B9AA54B51EC190B43
:1005D00005F088F8002840F06784A14B51EC190B16
:1005E0004FF0FF3205F060F8002840F05D84DDE94F
:1005F00010010022002305F04DF8002840F0A587E7
:100600009DF86B30974D984A2AF0800A0321472FB6
:10061000C8BF1546002208920391079104920C92DC
:100620000F920D92A7E61AF0100340F033841AF0EF
:10063000400200F05B87099A52F8044B09921E466B
:10064000A4B2ADE653F8044B09931AF0100F40F032
:100650000E841AF0400F00F0068444F3C03633468F
:1006600024B25EE6099A002352F8041B8DF86B3021
:100670008DF8D410099201E7099C54F8045B002618
:100680008DF86B60002D00F0D986049B5A1C00F099
:1006900046851A463146284604F0B2F808900028EC
:1006A00001F07A80089B0496591B079121EAE171B9
:1006B0009DF86B300994039108960C960F960D9651
:1006C00059E6099B53F8042B0692002A80F2C38353
:1006D000069A0993524206929BF800704AF0040A67
:1006E00081E54AF010030393039B13F0200600F00A
:1006F0007383099B073323F007035E6853F8084BA5
:100700000993012350E6099B53F8044B09933023C6
:100710004AF0020278278DF86C30544B1493039200
:100720008DF86D70002602233EE61AF0200F40F08F
:1007300082841AF0100F40F078861AF0400F40F0D3
:100740004C871AF4007F00F07086099B059953F8D6
:10075000042B099311705D460DE79BF800706C2F18
:1007600003BF9BF801704AF0200A0BF1010B4AF01D
:10077000100A38E59BF80070682F03BF9BF80170E2
:100780004AF4007A0BF1010B4AF0400A2BE59BF882
:1007900000704AF0080A26E59BF800704AF0010A4A
:1007A00021E59DF86B30002B7FF4A3AD9BF8007022
:1007B0008DF86B1017E59BF800704AF0800A12E57F
:1007C0005A4612F8017B2A2F01F0F381A7F130037A
:1007D000092B934698BF002200F2F4871BF8017B97
:1007E00002EB820203EB4202A7F13003092BF5D999
:1007F0000492FAE49BF800708DF86B40F3E4CDF8B6
:100800000CA0012B3FF49BAD022B4EAD12D1149ADC
:1008100004F00F032409D35C05F8013D44EA067493
:10082000360954EA0603F3D14EAB5B1BDDF80CA08E
:10083000079392E504F00703E40844EA4674F608D7
:10084000303354EA06012A4605F8013DF2D10399F6
:10085000C80700F14C824EAB5B1B8A4607937CE5D0
:10086000FFFFEF7F586001105C60011068600110AD
:10087000652F40F3D780DDE910010022002304F04A
:10088000FFFE002800F0B481239BBC4AC8F800207A
:10089000013301340122072B24942393C8F8042048
:1008A00000F3848508F108081C9B0E9A934280F29D
:1008B000CD82129B139A1C44C8E90023239B2494E5
:1008C0000133072B239300F3E98308F108080E9BFB
:1008D0005D1E002D7FF730AE102D239B41F3478125
:1008E000A74F0A97224610261AEE104A05E008F193
:1008F0000808103D102D40F3678501331032072B97
:10090000C8E90076CDE92332F1DD22AA2146484626
:1009100004F08CFC00287FF492ADDDE923320DF168
:100920009408E6E7069B039A9E1A002E7FF7EBAD2C
:10093000102E239B41F34F8091490B9522461AEECE
:10094000105A0A910C4604E0103E102E08F10808D7
:1009500019DD013310321021072BCDE92332C8F8FD
:100960000040C8F80410EFDD22AA294648460DF1E0
:10097000940804F05BFC00287FF461AD103E102E5B
:10098000DDE92332E5DC0B9D144601330A9AC8F8F1
:1009900000203444072BCDE92334C8F8046000F369
:1009A0002F85049B079A9E1A002E08F108087FF7EE
:1009B000B0AD102E239B40F3C48571480A90424687
:1009C00021461AEE108A044604E0103E102E02F171
:1009D000080216DD013310311020072BCDE9233139
:1009E00014605060F1DD22AA4146484604F01EFC26
:1009F00000287FF424AD103E102EDDE9233125AA16
:100A0000E8DC90460C4601330A9AC8F800203444CA
:100A1000072BCDE92334C8F8046000F3CF8108F137
:100A2000080876E50E9B012B40F37C81239EC8F8D5
:100A30000050013601340123072E24942396C8F870
:100A4000043000F3E78108F10808129B139A01367D
:100A50001C44072EC8E90023CDE9236400F3E88194
:100A600008F10808DDE910010022002304F008FE67
:100A7000002840F076810E9B0136013B01351C4475
:100A8000072EC8F800502396C8F80430249400F3C9
:100A90005A8108F10808169BC8F8043001361C4436
:100AA000072E1EABCDE92364C8F800307FF742ADB6
:100AB0001AEE101A22AA484604F0B8FB00287FF468
:100AC000BEAC249C0DF1940836E5102EDDE92332EE
:100AD00022DD199510241AEE105A04E0103E102E53
:100AE00008F1080817DD013326491032072BC8E941
:100AF0000014CDE92332F1DD22AA294648460DF142
:100B0000940804F093FB00287FF499AC103E102E5B
:100B1000DDE92332E7DC199DC8F804600133B4181D
:100B2000072B184AC8F80020CDE9233400F3E183ED
:100B30009DF86B3008F10808BBE41AEE101A22AADF
:100B4000484604F073FB00287FF479AC249C0DF137
:100B50009408C1E41AEE101A22AA484604F066FB73
:100B600000287FF46CAC249C0DF19408C7E4102D90
:100B7000239B26DD1AEE107A10260AE098600110F9
:100B8000AC6001109C600110103D102D08F10808A8
:100B900017DD0133C24A1034072BC8E90026CDE91E
:100BA0002334F1DD22AA394648460DF1940804F0B9
:100BB0003DFB00287FF443AC103D102DDDE92334CC
:100BC000E7DC0133B64AC8F804502C44072BCDE9C2
:100BD0002334C8F800207FF7B8AC1AEE101A22AA06
:100BE000484604F023FB00287FF429AC249CACE4A5
:100BF0001C9A002A40F39683DDE90D739F42A8BF3B
:100C00001F46002F0BDD239B01333C44072BC8E913
:100C100000572494239300F35C8508F108080D9E87
:100C2000002FA8BFF61B002E00F353820D9B1AF471
:100C3000806F2B44079340F083821C9B0E9A934253
:100C400003DB1AF0010F00F0B884129A13991444D0
:100C5000C8E90012239A24940132072A239200F350
:100C6000768508F108080E9A0799AE18761AD51AF3
:100C7000AE42A8BF2E46002E0DDD239BC8F8001003
:100C800001333444072BC8F804602494239300F301
:100C90009D8508F10808002EA8BFAD1B002D7FF729
:100CA0004BAC102D239B40F362877E4F0A97224660
:100CB00010261AEE104A05E008F10808103D102D24
:100CC00040F3828301331032072BC8E90076CDE967
:100CD0002332F1DD22AA2146484604F0A7FA002873
:100CE0007FF4ADABDDE923320DF19408E6E7302B5C
:100CF0003FF49AAD3023023A05F8013C4EAB9B1A03
:100D0000DDF80CA007931546FFF727BB049B002BCB
:100D10007FF41AABDDF80CA00023049307934EADCB
:100D2000FFF71BBB1AF0010F7FF480AE239EC8F8BB
:100D30000050013601340123072E24942396C8F86D
:100D400004307FF7A6AE1AEE101A22AA484604F025
:100D50006DFA00287FF473ABDDE923640DF194088C
:100D600099E60E9B5D1E002D7FF795AE102D40F38A
:100D700015874C4ACDF810A023461AEE10AA0A9205
:100D80001027144605E008F10808103D102D40F327
:100D90009D8301361033072EC8E90047CDE9236350
:100DA000F1DD22AA5146484604F040FA00287FF4BB
:100DB00046ABDDE923630DF19408E6E71AEE101A5D
:100DC00022AA484604F032FA00287FF438AB249C6B
:100DD0000DF19408FFF79DBB039B13F0100340F047
:100DE0002381039A12F0400200F09B83099A52F883
:100DF000044B09921E46A4B20123FFF7D5BA2D2356
:100E000064428DF86B3066EB4606CDF80CA00123EA
:100E1000FFF7CDBA1AEE101A22AA484604F006FAD5
:100E200000287FF40CABDDE923640DF194080CE697
:100E30001AEE101A22AA484604F0F8F900287FF4A6
:100E4000FEAADDE923640DF194080BE61AF0010F08
:100E50003FF472AB2DE59BF800700993FFF7C3B91F
:100E60004EADFFF77ABA1AF4007F40F0B083E61770
:100E70003346FFF756BA159B002B3FF43AAA159B51
:100E80001B78002B3FF435AA9BF800704AF4806A67
:100E9000FFF7A9B9099B53F8044B0993FFF780BAF0
:100EA0009C600110AC600110DDE9100102460B46A8
:100EB00004F018FC002840F0C385612F00F08685FF
:100EC000412F00F09484049B013327F02003039307
:100ED00000F0B083472B00F08285DDE910014AF471
:100EE0008072002907924FF00003C0F2248541EC84
:100EF000180B0A930893039B462B00F0F883452BAD
:100F000000F04E85B0EE480AF0EE680A20AB01937F
:100F10001DAB0093049A1CAB0221484601F030FF40
:100F2000039B472B054640F069861AF0010F564691
:100F3000DDF81CA040F00B85209B5B1B0E93039BF0
:100F4000472B00F08B83039B462B00F00F841C9BE8
:100F50000D930D9B039A013B412A1C9300F0D7850A
:100F6000FAB20021002BB8BF0D9B8DF87820BABFD4
:100F7000C3F101032D222B22092B8DF8792040F398
:100F8000B7850DF18704DFF898C3224610468CFB25
:100F90000321DA17C2EBA10202EB8201A3EB4101AC
:100FA000303100F8011C19466329134600F1FF3265
:100FB000ECDC3033D9B2831E9C4202F8011C40F2B3
:100FC000048613460DF17A0201E013F8011B02F8C2
:100FD000011B9C42F9D10DF189030DF17A021B1A14
:100FE00013441EAA9B1A16930E9B169A012B1A44A1
:100FF000079240F3B785079B129A13440793079A09
:10100000002326F4806622EAE27246F4807A0C938A
:1010100003920F930D930A9B002B40F0458304939A
:101020009DF86B30FFF7A7B9099B53F8044B099360
:101030000123FFF7B9B9099B059853F8041B0993DD
:10104000C217C1E900025D46FFF795BACDF80CA0C2
:10105000FFF74ABBAF4B14931AF0200600F0EF8065
:10106000099B073323F007035E6853F8084B099385
:101070001AF0010F09D054EA060306D030238DF888
:101080006D704AF0020A8DF86C302AF48063039385
:101090000223FFF789B9A04B1493DDE71AEE101A6B
:1010A00022AA484604F0C2F800287FF4C8A9249C6C
:1010B0000DF194080BE41AEE900A4021FEF72CF98A
:1010C00020602061002800F0848540236361FFF7E1
:1010D00052B8102E239B40F3698590480A904246EF
:1010E00021461AEE108A1027044604E00832103E0A
:1010F000102E40F32F8201331031072BC2E9004735
:10110000CDE92331F2DD22AA4146484604F08EF8AB
:1011100000287FF494A9DDE9233125AAE7E72846D2
:1011200004960994FEF76CFF20EAE0719DF86B309D
:101130000790039108960C960F960D96FFF71BB932
:101140000E9BCDF828B0DDF83CB0079E159FCDF87A
:101150001CA0EB1804934246DDF860A00C9B0B9595
:101160001AEE108AA446BBF1000F30D093BB013FAA
:101170000BF1FF3B179BC2E9003A239B0133D44498
:10118000072BCDF890C0239362DC0832049B38789B
:101190009B1B8342A8BF0346002B1C460CDD2398F3
:1011A00001309C440728C2E90063CDF890C0239029
:1011B00000F3198138780832002CACBF051B0546B6
:1011C000002D0BDC06440C9BBBF1000FCED1002B95
:1011D00000F033820C9B013B0C93CBE7102D23983E
:1011E0001FDD1024634604E0103D102D02F10802BB
:1011F00016DD0130494910330728C2E90014CDE952
:101200002303F1DD22AA4146484604F00FF80028E6
:101210007FF415A9103D102DDDE9230325AAE8DC94
:101220009C4601303D4B5560AC440728CDE9230C6A
:10123000136000F34082387808320644C3E71AF09E
:10124000100300F0A480099B53F8044B09930FE7A7
:1012500022AA4146484603F0E9FF00287FF4EFA8A0
:10126000DDF890C025AA91E7039B079703F48063FC
:10127000002209EE109ACDF82080DDF854900DF58B
:101280009C7A174698460CE00023204631460A22F5
:10129000FDF70AFE0A2C76F100031CD304460E4625
:1012A000AA4620460A2200233146FDF7FDFD3032D2
:1012B0000AF1FF3501370AF8012CB8F1000FE3D02D
:1012C00099F800309F42DFD1FF2FDDD00A2C76F154
:1012D000000380F050814EAB5B1BCDF854900E970D
:1012E00019EE109ADDE90778DDF80CA00793FFF7F7
:1012F00034B81AEE101A22AA484603F097FF0028C5
:101300007FF49DA89DF86B30249C0DF19408FFF7A5
:10131000D0B800BF686001107C600110AC600110A3
:1013200067666666239BC049C8F800100133013424
:101330000121072B24942393C8F8041000F32F8174
:1013400008F10808002A40F08A800E9A0AF001038A
:1013500013433FF4F1A8129B139A1C44C8E90023DD
:10136000239B24940133072B239300F33F8108F13F
:1013700008080E9AC8F8005001331444072BCDE931
:101380002334C8F804207FF7D5A8FFF791BB1AF0E3
:10139000400200F0B980099A52F8044B09921E46A7
:1013A000A4B265E6CDF80CA0FEF7C9BF1AEE101A7C
:1013B00022AA484603F03AFF00287FF440A8249C64
:1013C0000DF19408FFF770BA144601330A9AC8F871
:1013D00000202C44072BC8F80450CDE923347FF7B4
:1013E000A9A8FFF765BB22AA4146484603F01EFFA5
:1013F00000287FF424A83878DDF890C025AADBE621
:101400001AEE101A22AA484603F010FF00287FF4B3
:1014100016A8249C0DF19408FFF775B8012BCDF8A0
:101420000CA07FF4F1A9FEF78FBF099B059953F833
:10143000042B5D4611600993FFF79DB8049A089547
:10144000062A294628BF062204952B460392774D8B
:10145000099407920C910F910D91FEF78CBF129B8E
:1014600013991C44C8E90013239B24940133072BD0
:10147000239300F3BB8008F10808002ABFF679AF78
:101480005642103280F2AE8369480A9021464246A5
:1014900010271AEE108A044604E00832103E102E7F
:1014A00040F3AF8201331031072BC2E90047CDE989
:1014B0002331F2DD22AA4146484603F0B7FE002858
:1014C0007EF4BDAFDDE9233125AAE7E7DDF810A002
:1014D0001C4601360A9BC8F800302C44072ECDE983
:1014E0002364C8F804507FF7D4AA2CE4099B1AF4AB
:1014F000007614BF53F8044B53F8044B09931CBFF8
:101500001646E4B2FEF74CBF099B1AF4007614BFEE
:1015100053F8044B53F8044B09931CBF1646E4B22E
:10152000A6E5039B13F40076099B14BF53F8044B04
:1015300053F8044B09931CBF1646E4B20123FEF78F
:1015400033BF3B4A0A92FFF75EBA2D238DF86B300A
:10155000FFF758B890460C4601330A9AC8F80020A5
:101560003444072BCDE92334C8F804604DDC08F17E
:101570000808FFF75BBB189B1799ED1A1A46284617
:10158000FEF7ACFD99F801300BB109F101092046D5
:1015900031460A2200230027FDF786FC7EE61AEE7C
:1015A000101A22AA484603F041FE00287EF447AFF5
:1015B0001C9A249C0DF19408C4E60E9A0799AE1863
:1015C000761AD51AAE42A8BF2E46FFF764BB44F385
:1015D000C016334664B2FEF7A4BE099B059953F8C2
:1015E000042B099311805D46FEF7C5BF1AEE101A51
:1015F00022AA484603F01AFE00287EF420AFDDE957
:1016000023341C9A0DF1940837E71AEE101A22AA17
:10161000484603F00BFE00287EF411AF249C0DF128
:101620009408FFF703BB00BF9860011090600110A1
:10163000AC600110062304934FE40B9D0E9BDDF874
:101640001CA0DDF828B01597EB189E429046324654
:1016500028BF1A4664460792FFF7EFBA1C9B0D930A
:10166000DA1C02DB049A934204DD023F27F02003D8
:1016700003936EE4DDE90D329342C0F29980F007E6
:1016800040F1DB81129A13440793710503D50D9B3A
:10169000002B00F3FF81079B23EAE3730393672783
:1016A00000230C930F93B6E42D2300228DF86B30AA
:1016B0000492FEF763BE22AA4146484603F0B6FDF7
:1016C00000287EF4BCAE3878DDF890C025AA064428
:1016D00079E51AEE101A22AA484603F0A7FD002861
:1016E0007EF4ADAE249C0DF19408FFF798BA20ABC0
:1016F00001931DAB0093049AB0EE480AF0EE680A1D
:101700001CAB0321484601F03BFB0378302B054618
:1017100000F003821C9B049A56461344DDF81CA07B
:10172000EC1851EC180B0022002303F0A9FF08B1BC
:10173000234602E4209BA342BFF4FFAB30215A1C96
:1017400020921970209B9C42F9D8FFF7F6BB1AEE45
:10175000101A22AA484603F069FD00287EF46FAEF5
:101760001C9B249C0DF19408FFF77DBA1C9A0D92E6
:10177000002A40F3FF81049906F001030B4340F077
:10178000B1810D9B07936627730500F18481079B48
:1017900023EAE373039383E7049B0393079309947A
:1017A0009DF86B3004900C900F900D90FEF7E3BD08
:1017B0000E9B129A9A180D9B0792002B40F3BB8147
:1017C0006727E1E700230493FEF70FBD1AEE101A16
:1017D00022AA484603F02AFD00287EF430AE1C9D64
:1017E0000E9B249C5D1B0DF19408FFF754BA302327
:1017F0008DF86C3058238DF86D30049B632B4AF0C4
:10180000020400F3A7800023089335ADDDE9101230
:101810004AF481730793002A27F02003A24603931A
:10182000C0F28A80002342EC181B0A93612F00F05B
:101830001581412F7FF45FABB0EE480AF0EE680AE5
:101840001CA803F077FC00224FF07F5351EC100BE3
:10185000FDF718F902460B4643EC192B0022002332
:1018600003F00EFF08B101231C93B74B0B93049BAD
:101870001995CDE90CB7CDE90EA80CEE109ADDF85C
:101880002CB059EC198B5E1E2C4605E0002200237B
:10189000013E03F0F5FEE0B9AC4B0022404649465C
:1018A000FDF7F0F88946804603F032FF0546FDF764
:1018B0007FF80B46024649464046FCF72BFF1BF8D3
:1018C0000530A24604F8013B731C37468046894622
:1018D000DCD149EC198B9E4BDDF830B0DDF83C8053
:1018E000CDF830A051EC190B00223E46DDF838A0AF
:1018F0000D9F0D951CEE109A199D03F0E9FE98BB03
:1019000051EC190B924B002203F0BAFE10B10D9B63
:10191000D90729D4002E334606DB01332344302275
:1019200004F8012BA342FBD1631B56460E93DDF84E
:101930001CA0FFF704BB0893DDE9103408EE103A51
:1019400004F1004308EE903A2D230A936EE7049BBE
:10195000EC18E6E6591C4846FDF7DEFC0546002873
:1019600000F04381089051E70C9B20930B9B14F8E7
:10197000012CD97B8A42234609D1302003F8010C7F
:10198000209B5A1E209213F8012C9142F6D0392A3E
:101990000BBF0B9A0132927AD2B203F8012CC3E743
:1019A000049BB0EE480AF0EE680A5C1C20AB019381
:1019B0001DAB009322461CAB0221484601F0E0F922
:1019C000054656462C44DDF81CA0AAE630238DF8C7
:1019D0006C3078230FE75F4A0A92FEF7D6BF049B6C
:1019E000002B08BF01230493119B4AF48072002B43
:1019F0000792C0F2D9809DED108B08900A90FFF7F6
:101A000081BA0C46904601330A9AC8F80020344443
:101A1000072BCDE92334C8F804607FF7A8AC1AEE91
:101A2000101A22AA484603F001FC00287EF407ADF4
:101A3000DDE923340DF194089BE40D9B079324E624
:101A4000119B454D454A002BB6BF2D239DF86B30A9
:101A50008DF86B302AF0800AFEF7D8BD1CA8B0EED6
:101A6000480AF0EE680A03F065FB00224FF07F534E
:101A700051EC100BFDF706F802460B4643EC192B10
:101A80000022002303F0FCFD08B101231C93344B1A
:101A90000B93ECE6672715990B78FF2B00F0B080CD
:101AA00000240D9A204603E001300131FF2B08D0BD
:101AB000934206DAD21A4B78002BF5D10B78013419
:101AC000F4E715910D920F900C940C9A0F9B1899B6
:101AD0001344079A01FB0323079323EAE373039359
:101AE000FFF799BA129BD3181944079166274BE662
:101AF000002956D130228DF87A200DF17B02303347
:101B000002F8013B1EABD31A1693FFF76DBA07F12B
:101B10000F02D2B20121FFF725BA51EC180B0022B7
:101B2000002303F0ADFD00287FF4F4AD049BC3F166
:101B300001031C93EFE5C3F101031A4422EAE273A7
:101B4000079203936727ABE57C60011000003040EB
:101B50000000E03FAC6001106060011064600110A3
:101B600068600110F4077FF54AAAFFF744BA264AD5
:101B70000A922AE4049A06F0010656EA020304D106
:101B800001230393662707938AE5129B01331A44C6
:101B900022EAE27307920393662781E51A4B0A93C0
:101BA00097E40DF17A02AAE70890C5E6164A0A9270
:101BB000D2E4099B9BF80170934653F8042B0993D8
:101BC00042EAE2720492FEF70EBB02231693FFF77D
:101BD0000BBA1AEE902A0C2313604FF0FF330593D3
:101BE000FEF73EBC084A0A920DE71AEE101A8B89DE
:101BF00043F0400213468A81FEF72BBC049CE0E6CA
:101C000000230C930F9360E7AC6001102DE9F84FAF
:101C10004B6E9C0490462DD59368126843B38B4657
:101C2000064602F1080959E9025A5FEA9A0715D0F7
:101C3000043D002401E0A7420ED055F8041F5A4687
:101C4000304602F003FA431C04F10104F3D10023EF
:101C5000C8E90133BDE8F88FD8F808302AF0030A44
:101C6000A3EB0A03C8F8083009F10809002BDAD100
:101C70000020ECE702F074FB0023C8E90133BDE863
:101C8000F88F00BF2DE9F04F2DED028BBBB008EEB1
:101C9000101A08EE900A1C461746039318B1836B7E
:101CA000002B00F09C8218EE102A536EDE0740F1E4
:101CB0009E81B2F90C108AB2900409D441F400520A
:101CC00018EE101A4B6E8A8123F4005392B24B66C1
:101CD000110740F1F88018EE103A1B69002B00F054
:101CE000F28002F01A030A2B00F0FE8011AB0E9373
:101CF0000023CDE90F33CDE9083306930DF14409F4
:101D0000079302933B78002B00F05B813C4604E094
:101D100014F8013F002B00F03481252BF8D1E51B8E
:101D200040F031812378002B00F04B814FF000030D
:101D300000258DF83330671C637801954FF0FF3B29
:101D40002B240137A3F120025A2A00F26181DFE837
:101D500012F0AB025F015F01A7025F015F015F014B
:101D60006A005F015F0149027E025F015402B9020D
:101D70005F01B5025B005B005B005B005B005B002A
:101D80005B005B005B005F015F015F015F015F0162
:101D90005F015F015F015F01360284005F015F0147
:101DA0005F015F015F015F015F015F015F015F0133
:101DB000E5005F015F015F011A025F016C025F01D4
:101DC0005F014C055F015F015F015F015F015F0122
:101DD0005F015F015F015F01360286005F015F0105
:101DE0005F016202860080005F0158025F01940279
:101DF000E700820280005F011A027E006C055F012D
:101E00005F016E055F017E00A3F13002002117F82B
:101E1000013B01EB810102EB4101A3F13002092AF0
:101E2000F5D901918EE718EE900A02F03BFC436869
:101E300008931846FEF7E4F80990064618EE900A53
:101E400002F030FC83680793002E40F0A9843B78B1
:101E500077E73B7845F0200573E745F01005AC06C1
:101E6000039E40F18281073626F0070632467368EA
:101E700052F8086B03929846002BC0F25984BBF1CC
:101E8000FF3F00F03E8556EA080325F0800A00F087
:101E900034840A2E78F1000380F0EB84303601237D
:101EA0008DF8E760554600930DF1E704009A9DF820
:101EB00033305A45B8BF5A469046002B00F0B780E1
:101EC00002F10108B3E018EE101A18EE900A18EEAD
:101ED000105A00F02BFE002840F0AC85AA8902F0D1
:101EE0001A030A2B7FF402AF18EE101AB1F90E3064
:101EF000002BFFF6FBAE4B6EDE0702D4950540F1DA
:101F0000778518EE101A18EE900A23463A463BB031
:101F1000BDEC028BBDE8F04F00F0B2BD45F01005FE
:101F200015F0200800F01281039E073626F0070600
:101F30003346D6F8048053F8086B039325F4806A7F
:101F400000234FF000028DF83320BBF1FF3F00F07B
:101F5000D38156EA08022AF0800540F0CC81BBF11B
:101F6000000F40F0D184002B40F0CC831AF0010325
:101F7000009300F0FC8330238DF8E7300DF1E70487
:101F800094E7E51B1DD00F9B109A01332A44072BC1
:101F9000C9E9007510920F9305DC09F10809029B4D
:101FA0002B440293BEE6002A00F0A38318EE101A19
:101FB00018EE900A0EAAFFF729FE40B90DF1440968
:101FC000EDE7109B002B40F0248500230F9318EEC3
:101FD000102A536ED90740F1AE8093895B0600F159
:101FE000328502983BB0BDEC028BBDE8F08FB2F9B0
:101FF0000C108D0518EE103A8AB23FF55DAE18EE62
:10200000105A986D02F056FBB5F90C108AB253E6DF
:10201000002BD6D08DF884304FF001084FF000032C
:102020008DF83330CDF8008021AC4FF0000B15F067
:102030000203049318BF08F1020815F08403059306
:1020400005D1019BA3EB0806002E00F37F82DDE99A
:102050000F21501C9DF833608EB10DF13302013118
:10206000C9F8002007284FF00102CDE90F01C9F897
:10207000042000F34C82024609F108090130049B58
:10208000EBB10DAB0231C9F8003007284FF0020365
:10209000CDE90F01C9F8043040F35382002900F064
:1020A000238318EE101A18EE900A0EAAFFF7AEFD61
:1020B00000288CD1DDE90F210DF14409501C059B4E
:1020C000802B00F05A81009BABEB0306002E00F33F
:1020D000BD81009BC9F8004019440728CDE90F01D4
:1020E000C9F8043040F34681002900F0898218EED7
:1020F000101A18EE900A0EAAFFF788FD00287FF448
:1021000066AF10990DF14409680705D5019BA3EB53
:102110000804002C00F37E82DDE901234245ACBFB8
:102120009B1843440293002940F0E08100230F9361
:102130000DF14409E6E593899A053FF54FAF18EE96
:10214000104AA06D02F0B8FAA38947E715F0100312
:1021500040F03E8315F0400200F0FD83039A52F8F0
:10216000046B03929846B6B2E8E656F8043B039631
:10217000E80600F10883690640F1028343F3C038A2
:102180001EB2434678E6039E56F8044B4FF0000318
:102190008DF83330002C00F0C583BBF1FF3F00F019
:1021A00049835A460021204602F02AFB002800F00D
:1021B0002484031B009303964FF0000B76E6039EE6
:1021C0004FF000038DF833304FF0010856F8043B10
:1021D0008DF884300396CDF8008021AC25E701F01E
:1021E00039FE60E5039B53F8042B0192002A80F22C
:1021F000BA82019A0393524201923B7845F004055A
:102200009FE53B786C2B03BF7B7845F020050137B9
:1022100045F0100595E53B78682B03BF7B7845F4C6
:102220000075013745F040058BE545F0100A1AF0BE
:10223000200800F06E82039E073626F0070633461C
:10224000D6F8048053F8086B0393012379E63B78B2
:102250008DF8334075E5039B53F8046B03933023EB
:102260008DF8343078238DF83530C24B069345F025
:10227000020A4FF00008022363E6AE0600F19E82D8
:10228000EC0600F14783680600F1A483A90540F13C
:102290004183039E029A56F8043B03961A7031E577
:1022A0003B7845F001054CE59DF83330002B7FF479
:1022B000CEAD20238DF833303B7842E53B7845F0B6
:1022C00080053EE5394611F8013B2A2B00F0C48316
:1022D000A3F13002092A0F464FF0000B3FF632AD52
:1022E00017F8013B0BEB8B0B02EB4B0BA3F130020E
:1022F000092AF5D926E5AA46012B3FF4CAAD022BDF
:102300003AAC12D1069A06F00F033609D35C04F8F2
:10231000013D46EA08764FEA181856EA0803F2D15A
:102320003AAB1B1B55460093C0E506F00703F608C1
:1023300046EA48764FEAD808303356EA0801224682
:1023400004F8013DF1D11AF0010FE9D0302BE7D0AC
:102350003023023A04F8013C3AAB9B1A55460093ED
:102360001446A3E5009911940123129110910F9343
:102370000DF1440909F10809C6E6019BA3EB080623
:10238000002E7FF7A0AE102E40F36283DFF8E8A1A5
:102390005346CDE90445BA4618EE904A18EE105A55
:1023A000084696461F4607E00EF1020C09F108099F
:1023B0009646103E102E1FDD0EF101021030102344
:1023C000072ACDE90F20C9F80070C9F80430EBDD09
:1023D0000EAA002800F09580294620460DF14409F8
:1023E000FFF714FC00287FF4F2ADDDE90FE0103EAA
:1023F000102E0EF1010CDFDCDDE904453B46014601
:1024000057469A463144BCF1070FCDE90FC1C9F8D0
:1024100000A0C9F8046040F3AD81002900F0CA8231
:1024200018EE101A18EE900A0EAAFFF7EFFB00281C
:102430007FF4CDAD009BDDE90F21ABEB0306002E51
:1024400002F101000DF144097FF743AE102EDFF8D1
:1024500028A137DD5346CDE90445BA4618EE904A27
:1024600018EE105A4FF0100B084694461F4607E02E
:102470000CF1020E09F108099446103E102E1ADDE7
:102480000CF101021030072AC9E9007BCDE90F20C9
:10249000EEDD0EAA20B3294620460DF14409FFF7D0
:1024A000B5FB00287FF493ADDDE90FC0103E102E80
:1024B0000CF1010EE4DCDDE904453B4601465746DC
:1024C00070469A4631440728CDE90F01C9F800A0AB
:1024D000C9F8046000F3F28009F108090130F8E559
:1024E0004FF0010E84460DF14409C6E718EE101AAC
:1024F00018EE900A0EAAFFF789FB00283FF416AEEB
:1025000065E54FF0010C86460DF1440951E70029BD
:1025100000F0E78018EE101A18EE900A0EAAFFF7E6
:1025200075FB00287FF453ADDDE90F210DF144095F
:10253000501CA4E502210DAB1291119301200DF165
:102540004409024609F10809501CB8E5102E40F371
:102550005A82DDE90FC1DFF824A0CDF828B00B9531
:10256000A34618EE105A5446102318EE90AA0846B7
:102570000EE000BF68600110CC600110BC6001106B
:102580000CF1020E09F108099446103E102E1CDDD4
:102590000CF101021030072AC9E90043CDE90F20F0
:1025A000EEDD0EAA30B3294650460DF14409FFF77F
:1025B0002DFB00287FF40BADDDE90FC0103E102E7F
:1025C0000CF1010E4FF01003E2DCA2460B9D5C46BD
:1025D000DDF828B0014672463144072ACDE90F21C3
:1025E000C9F800A0C9F8046000F3AB8009F108093C
:1025F000501C2FE584464FF0010E0DF14409C4E74D
:102600006C070F9152D5019BA3EB0804002C4DDD04
:102610000DF14409102C40F30882DFF85CA40F9AF6
:102620000B46BB464946574618EE109A18EE90AA3C
:10263000102505E0901C08313246103C102C18DDA6
:10264000561C1033072EC1E90075CDE90F63F1DD8B
:102650000EAA3BB349465046FFF7D8FA00287FF44C
:10266000B6ACDDE90F23103C102C02F1010011A9DA
:10267000E6DC8946BA4619465F4621440728C9E97F
:1026800000A4CDE90F017FF747AD79B118EE101A1C
:1026900018EE900A0EAAFFF7B9FA00287FF497AC5B
:1026A000109939E501201A4611A9C6E7DDE9012391
:1026B0004245ACBF9B184344029337E500293FF4E1
:1026C00051AE18EE101A18EE900A0EAAFFF79EFAF5
:1026D00000287FF47CAC0F98109901300DF144096B
:1026E000F7E4049B002B79D101200A460DF144093F
:1026F000E5E40F920DF1440951E4BBF1000F7FF4C2
:10270000CDAB55464FF0000BCDF800B03AACFFF71B
:10271000CDBB1AF010033CD11AF0400200F00C813E
:10272000039A52F8046B03929846B6B2012308E468
:102730002D2376428DF8333068EB4808AA460123F2
:1027400003E400297FD018EE101A18EE900A0EAAA2
:10275000FFF75CFA00287FF43AACDDE90F210DF1B8
:102760004409501C76E403933B78FFF7EABA3AAC8D
:10277000FFF79CBB09F108090CF101006246A2E4D5
:10278000AA0500F12F814FEAE3781E464346FFF782
:1027900073BB039B53F8046B03930123FFF7D1BB77
:1027A000079B002B3FF453AB079B1B78002B3FF498
:1027B0004EAB3B7845F48065FFF7C3BADDE90216FE
:1027C00056F8042B0396CB17C2E90013FFF79ABA09
:1027D000039B53F8046B0393FFF7B0BB02210DABCF
:1027E000129111930DF14409ACE6A04A069215F03E
:1027F000200836D0039E073626F007063246D6F864
:10280000048052F8086B0392EA0709D556EA0802D9
:1028100006D08DF83530302345F002058DF8343080
:1028200025F4806A0223FFF78CBBAA46FFE4904A96
:102830000692DCE720460396FDF7E2FB4FF0000B23
:102840000090FFF733BB9DF83320002A00F0B880DA
:1028500001200DF13302129011920DF1440901464D
:1028600009E415F0100242D0039A52F8046B039267
:10287000CAE70AF48063CDF800B0CDF81090BB46EB
:10288000DDF81C9000253AAC1F4609E03046414671
:10289000FCF70AFB0A2E78F100031BD30646884694
:1028A000304641460A220023FCF7FEFA1146303139
:1028B00004F8011C0A220023013C0135002FE5D059
:1028C00099F80010A942E1D1FF2DDFD00A2E78F14E
:1028D00000035BD23AAB1B1BCDF81C905F46DDF8C2
:1028E0001090DDF800B000935546FFF7DFBA15F001
:1028F00040013ED0039951F8046B03919046B6B263
:1029000082E7AA46FFF7C5BA012BAA467FF4F7ACC7
:10291000FFF7C4BA039E029A56F8043B1A60039666
:10292000FFF7F0B95B46062B28BF0623514C0093F6
:1029300003969846FFF779BB039B1AF4007814BFFF
:1029400053F8046B53F8046B03931CBF9046F6B224
:102950000123FFF7F6BA039B15F4007814BF53F870
:10296000046B53F8046B03931CBF9046F6B2FFF759
:10297000E5BA039A15F4007814BF52F8046B52F8C4
:10298000046B03921CBF8846F6B23DE7099B089989
:10299000E41A1A462046FDF7A1FB99F801300BB165
:1029A00009F10109304641460A2200230025FCF7BF
:1029B0007BFA73E701200A460DF14409FFF783BB58
:1029C000049B002B7FF4B6AD0A4601200DF14409AB
:1029D000FFF779BB039E029A56F8043B03961A80D0
:1029E000FFF790B943F3C0185EB24346FFF744BA0D
:1029F000886D01F061FEFFF784BACDF800B0039650
:102A00008346FFF753BA0F9A1099DFF86CA0013292
:102A1000E2E518EE101A18EE900A0EAAFFF7F6F883
:102A200000283FF4D2AAFFF7D2BA0F98DFF848A0E7
:102A3000013022E66B6EDB0705D4AB899F0502D41B
:102A4000A86D01F039FE4FF0FF330293FFF7C9BACA
:102A5000DFF828A08446D5E4039A7B780F4652F825
:102A6000041B039241EAE17BFFF76BB97C60011024
:102A70006860011090600110BC600110CC60011012
:102A800070B50C468989ADF58E6D21F00201ADF867
:102A90001410616E1B91E189ADF81610E16909917E
:102AA000616A0B911CA9029106914FF48061064660
:102AB0000491079118A80021CDE90032089101F096
:102AC000F5FDDDE9003202A93046FFF7DBF8051E0F
:102AD00007DB02A9304601F089F9002818BF4FF042
:102AE000FF35BDF814305B0603D5A38943F04003DE
:102AF000A381189801F0DCFD28460DF58E6D70BDA0
:102B000038B50C46084D8446114620461A46002327
:102B10002B60644602F04CFE431C00D038BD2B688D
:102B2000002BFBD0236038BD3014002038B5334B68
:102B30001B6805460C460BB19A6B12B3B4F90C3006
:102B400018079AB225D5216900292DD012F001006D
:102B500007D00020A06060694042A06139B1002028
:102B600038BD950758BF6069A0600029F7D11206EB
:102B700058BF0846F4D543F04003A3814FF0FF301F
:102B800038BD184601F066F9B4F90C3018079AB24E
:102B9000D9D4D1062AD5520714D4216943F00803A9
:102BA000A3819AB20029D1D102F42070B0F5007F40
:102BB000CCD02146284601F097FDB4F90C302169AC
:102BC0009AB2C3E7216B51B104F14002914204D0A3
:102BD000284601F0BFFAB4F90C30002222632169C3
:102BE0000022C4E9001223F02403D7E7092243F0AE
:102BF00040032A604FF0FF30A38138BDE40100207C
:102C0000024B13B1024800F00DB8704700000000FD
:102C1000793F011008B5062002F0C2FA012002F047
:102C2000CFFD00BF002301461A46184602F0FEBB46
:102C300038B5074D0022044608462A6002F090FD90
:102C4000431C00D038BD2B68002BFBD0236038BD5F
:102C5000301400202DE9F04F03690C69A34283B0C2
:102C6000C0F28780013C01F11405A30000F11408B3
:102C7000009355F8243058F82420013381469A42B5
:102C800008EB840005EB84070190B2FBF3F63BD31D
:102C90000023AE4640469B465EF804AB02681FFA2E
:102CA0008AFC06FB0C334FEA134C4FEA1A4A06FB28
:102CB0000ACA1FFA83FCABEB0C0C1FFA8AF31CFA4E
:102CC00082FCC3EB124202EB2C421FFA8CFC4CEA52
:102CD0000243774540F8043B4FEA224B4FEA1A4340
:102CE000DAD2009B58F8033073B9019B043B984536
:102CF00004D307E0984504F1FF3403D253F80429C4
:102D0000002AF7D0C9F81040484602F0CDF8002854
:102D10002BDB01364046002355F8041BD0F800C0D9
:102D20008AB29A1A0B0C12FA8CF2C3EB1C4303EB17
:102D3000224392B242EA0342AF4240F8042B4FEAE8
:102D40002343E9D258F8242008EB84036AB9043BF2
:102D5000984504D307E0984504F1FF3403D253F8B3
:102D60000429002AF7D0C9F81040304603B0BDE866
:102D7000F08F002003B0BDE8F08F00BF000000001E
:102D80002DE9F04F2DED068B95B08DED020B0191E5
:102D9000016C249D099259EC108B0446069341B1B5
:102DA000426C4A60012393408B6001F01BFE0023BC
:102DB0002364B9F1000AB4BF012300232B607C4BCC
:102DC000BCBF2AF0004ACDF80CA033EA0A0300F099
:102DD000B2809DED027B002251EC170BB0EE479ABA
:102DE000F0EE679A002302F04BFC074680B1069A8A
:102DF00001231360259B002B00F0DB826D481860D7
:102E0000431E0093009815B0BDEC068BBDE8F08F13
:102E100012AA13A92046B0EE490AF0EE690A02F0A0
:102E20000BF9B0EE498AF0EE698A5FEA1A56054658
:102E300040F09980DDE912763E4406F232402028C7
:102E400040F3AB83C0F140000AFA00FA06F21240E8
:102E500028FA00F04AEA0000FBF79AFD0123013E40
:102E60000D93A1F1F871544B0022FBF753FC4AA3D8
:102E7000D3E90023FBF706FE49A3D3E90023FBF7C0
:102E80004BFC804630468946FBF792FD46A3D3E9CA
:102E90000023FBF7F7FD02460B4640464946FBF789
:102EA0003BFC8046894602F033FC00228346002327
:102EB0004046494602F0EEFB002840F06D82BBF12F
:102EC000160F00F25C823D4B03EBCB03D3E90023EA
:102ED00051EC190B02F0DEFB002875D00023BE1B5D
:102EE0000C93731E0BF1FF3B049300F14F82002300
:102EF0000893BBF1000F6EDA089BCDF814B0A3EB7A
:102F00000B030893CBF100030B93019B092B4FF0AC
:102F1000000B69D8052B40F33E83043B0193002648
:102F2000019B023B032B00F29986DFE813F04E046D
:102F30004B0443042604069A42F20F73CAF3130AA1
:102F400013605AEA08031DD1259B002B00F07D86F3
:102F50001B4B00930833259A0098136015B0BDEC05
:102F6000068BBDE8F08F18EE903AC3F3130351ECD3
:102F7000190B43F07F510D97A6F2FF36129F41F4D3
:102F8000401170E7259B002B40F0DB830D4B009335
:102F900038E700BFAFF3008061436F63A787D23F7C
:102FA000B3C8608B288AC63FFB799F501344D33F38
:102FB0000000F07F996001100000F83F40630110AD
:102FC000E4610110E0610110BE1B731E049300F167
:102FD0009A840C900890049B5B44CDE9043B002349
:102FE0000B93019B092B95D9002301264FF0FF324B
:102FF00001930A9607920993079B0F93002161643E
:10300000204601F0C9FC0090002800F02F86009BAC
:103010002364079B0E2B00F2F980002E00F0F6804F
:103020000599002940F37184BD4B01F00F0203EBB9
:10303000C2034FEA2118C905D3E9006740F10384B0
:10304000B84B51EC190BD3E90823FBF745FE41ECD3
:10305000180B08F00F084FF0030AB8F1000F13D057
:10306000DFF8C09218F0010F09D030463946D9E98F
:103070000023FBF707FD0AF1010A06460F465FEA47
:10308000680809F10809EDD151EC180B32463B46AE
:10309000FBF722FE41EC1A0B0C9B5BB157EC1A6B51
:1030A000A14B1AEE100A0022394602F0F3FA00286A
:1030B00040F052855046FBF77BFC53EC1A2BFBF794
:1030C000E1FC9A4B0022FBF727FB079B8046A1F10E
:1030D0005079002B00F0F383059B1093079B0E9310
:1030E0000A9B002B00F0C0840E9A8D4B9049DDF8AE
:1030F00000A003EBC20353E902230020FBF7ECFD21
:1031000042464B46FBF706FB59EC1A8B41EC180B79
:1031100049461AEE100A02F0FBFA0746FBF748FC94
:1031200002460B461AEE100A4946FBF7F3FA30370F
:103130000AF8017B53EC182B06460F4602F0AAFA58
:10314000002840F055854FF000080AEE105ACDF8DF
:1031500044B055465BEC18AB08EE104A44462AE0F2
:103160000E9B01349C424BDA724B5046594600226A
:10317000FBF788FC6F4B002282468B46304639466F
:10318000FBF780FC8946804602F0C2FA0746FBF74F
:103190000FFC02460B4640464946FBF7BBFA303768
:1031A00005F8017B52465B4606460F4602F072FA6E
:1031B000002840F0188532463B465B490020FBF76B
:1031C000A9FA52465B4602F065FA0028C8D0109B67
:1031D000009A0593AA4618EE104A1AEE105A02E019
:1031E000924500F0EA84D1461AF8013D392BF7D018
:1031F0000133DBB28AF80030059B01330593ABE164
:10320000DDF844B01AEE105A18EE104A139B002B4A
:10321000C0F29480059A0E2A00F39080404B03EB95
:10322000C203D3E90089099B002B1BDA079B002B03
:1032300018DC40F05D83404B002240464946FBF7D6
:1032400021FC02460B4651EC190B02F02DFADDF879
:103250001CA05646002800F0D082099BDDF80080B3
:10326000DF43D2E242464B4651EC190BFBF734FDEB
:1032700002F04EFA06468346FBF79AFB42464B465F
:10328000FBF700FC0B46024651EC190BFBF742FA28
:10329000DDF800A0334630330AF8013B079B012BD1
:1032A00000F08E834FF0010B08EE105A08EE904AA2
:1032B0001D465446DA461DE042464B4630463946E6
:1032C000FBF70AFD02F024FA8346FBF771FB424646
:1032D0004B46FBF7D7FB0AF1010A0B46024639467B
:1032E0003046FBF717FA0BF13003AA4504F8013B0F
:1032F00000F061830F4B0022FBF7C4FB0022002388
:1033000006460F4602F0BCF90028D5D0A24618EEBA
:10331000105A18EE904A059B01330593D1461BE1E4
:1033200040630110186301100000F03F00001C40D2
:103330000000E03F00002440000014400A9A002AE8
:103340003FD0019A012A40F39C82079B03F1FF388A
:103350000B9B4345C0F26E82A3EB0808079B002B32
:10336000C0F26683049A1A440492089A17461A44D3
:1033700008920121204601F0E3FB064625E00123E7
:10338000BE1B0C93731E04937FF5B1ADC6F1010310
:10339000089300230493ACE55846FBF709FB42462B
:1033A0004B4602F06DF900287FF489AD0BF1FF3B2D
:1033B00085E5874B0093009815B0BDEC068BBDE802
:1033C000F08FDDF82C80089F0A9E002F0CDD049AF8
:1033D000002A09DD0899BA421346A8BF3B46C91A1C
:1033E000FF1AD31A089104930B9BDBB10A9B002BA5
:1033F00000F08282B8F1000F0FDD314642462046D0
:1034000001F07AFC2A4601460646204601F0C6FB3A
:1034100029460546204601F0E5FA0B9BB3EB08026E
:1034200040F000830121204601F08AFBBBF1000F30
:10343000824600F3B780019B012B40F386814FF059
:1034400000080120BBF1000F40F0B880049A10443E
:1034500010F01F0000F09680C0F12003042B40F311
:10346000F883089BC0F11C000344024408930744FE
:103470000492089B002B05DD29461A46204601F0E0
:103480009BFC0546049B002B05DD51461A46204651
:1034900001F092FC82460C9B002B40F03781079B89
:1034A000002B40F31E810A9B002B40F0A180059B5E
:1034B00001330593DDF80080DDF81C90012707E05B
:1034C000294600230A22204601F096FA01370546D4
:1034D00051462846FFF7BEFB4F4500F1300008F883
:1034E000010BEDDB079A002AC8BF9346009AD8BFAC
:1034F0004FF0010B03469344002729460122204642
:10350000019301F059FC5146054601F0CDFC00281D
:1035100040F3A5811BF8013C009A0BF1FF3B04E04E
:103520005A4500F0A7811BF8013D392B0BF1010929
:10353000F6D001338BF800305146204601F052FAA4
:1035400056B12FB1B74203D03946204601F04AFAAE
:103550003146204601F046FA2946204601F042FA5B
:10356000002389F80030DDE905231A60259B002B34
:103570003FF448AC0098C3F8009015B0BDEC068B42
:10358000BDE8F08F1C20089B03440893049B034470
:10359000074404936DE70126C2E4C0F1200008FA55
:1035A00000F059E401465A46204601F0A5FB019B74
:1035B000012B824640F3D5814FF00008DAF8103035
:1035C0000AEB8303186901F06BFAC0F120003DE7B4
:1035D00098600110314600230A22204601F00CFABF
:1035E0000F9B002B064640F32383CDF814900793DE
:1035F000002F00F31881B8F1000F40F0FC81B046B5
:10360000029B009F079903F001027B1E1944019B56
:103610000A9213430891099351462846FFF71AFB73
:1036200031468346284601F03FFC424651468146DA
:10363000204601F05BFCC26801460BF13003002A12
:1036400042D104902846079301F02EFC0499029081
:10365000204601F0C7F9029A079B1AB90999002977
:1036600000F0D682B9F1000FC0F28781019949EAD2
:1036700001090A9951EA090100F07F81002A00F34B
:10368000E781089A3B7007F101099742CB4600F0A9
:10369000E581294600230A22204601F0ADF946457E
:1036A000054631464FF000034FF00A02204612D083
:1036B00001F0A2F94146064600230A22204601F005
:1036C0009BF94F468046A7E72046029301F08AF90E
:1036D000029B0122C6E701F08FF94F46064680465D
:1036E0009AE7019B022B77DC0A9B002B80D1059B7C
:1036F0005146013328460593FFF7ACFADDF800B0D8
:1037000000F130030BF8013B0027F6E6514628464E
:1037100001F0CAFB0028BFF6C2AE294600230A22E8
:10372000204601F069F9059B03F1FF390A9B054624
:10373000002B7FF44FAF0F9B002B40F37082079359
:10374000B8E6BD4B0093033305E4DDE9021200291E
:103750007FF475AEC2F31303002B7FF470AEB74B4A
:103760001340002B00F03D82089B01330893049B1B
:10377000013304934FF0010863E601230A93099B88
:10378000059A13440F930133012B1F460793B8BFCB
:1037900001270021172F61647FF732AC0122042337
:1037A0005B0003F11400B842114602F10102F7D99F
:1037B000616425E401230A93099F002F4ADD0F97D6
:1037C0000797E6E700230A93D9E700230A93F3E774
:1037D0000F9BCDF814900793079B002B7FF43DAD12
:1037E00051460522204601F007F901468246284647
:1037F00001F05AFB00287FF730AD0098059F312378
:10380000804600F8013B013700905146204601F008
:10381000E9F87B1CDDF800900593CDF80080002EC0
:103820007FF496AE98E631463A46204601F0C4FA57
:103830000646E0E60B9BCDF82C80A8EB03039B44E7
:103840004FF000088AE54FF0020AB0EE498AF0EE28
:10385000698A02E4012309930793FFF7CDBB03D1E3
:10386000019BDB073FF556AED9461BF8013D302BD7
:10387000FAD061E6059B009A01330593312313705A
:103880005AE60D9A002A00F0638103F23343049A4A
:10389000DDF82C801A440492089A17461A440892BC
:1038A00067E55046FBF784F853EC1A2BFBF7EAF870
:1038B000634B0022FAF730FF8046A1F15079614B4B
:1038C000002251EC1A0BFAF725FF42464B460646FA
:1038D0000F4601F0FDFE002840F07F81304639465A
:1038E000424609F1004301F0D5FE00283FF48EACBA
:1038F0004FF0000A5646B0E429460B9A204601F0E4
:10390000FBF905468EE50C9040E500F04E81059AE6
:103910004D4B564206F00F0203EBC203D3E90023DE
:1039200051EC190BFBF7AEF8361141EC1A0B00F015
:103930008881464F00234FF0020AF20706D5D7E9E7
:103940000023FBF79FF80AF1010A0123761007F123
:103950000807F2D1002B3FF49FAB41EC1A0BFFF7A5
:103960009BBB029B002B7FF427AEDDE90212C2F362
:103970001303002B3FF4F3AE1EE6002A12DD2946A6
:1039800001222046019301F017FA5146054601F045
:103990008BFA0028019B40F33581392B00F013810D
:1039A0000BF13103B94609F8013B059B013337465A
:1039B00005934646C0E5A24618EE105A18EE904A06
:1039C00002460B46FAF7A8FE42464B4606460F460D
:1039D00001F07EFE60B942464B463046394601F062
:1039E0004FFE00283FF497AC5FEACB717FF593ACB4
:1039F000009AFFF7F8BB7168204600F0CDFF07463C
:103A0000002800F03A81336902339A0006F10C0174
:103A10000C30FBF731FF39460122204601F0CCF98A
:103A20008046EDE52946204601F066F90546F9E4B1
:103A3000DDE907239F1A9CE4E06101100000F07F9C
:103A400000001C4000001440406301101863011086
:103A5000392B00F0B880B9460133A4E7059A01324A
:103A600037460592464648E50E988D4901EBC00160
:103A700042464B4651E90201FBF704F85AEC1A9B07
:103A800041EC180B51461AEE100A01F041FE0746B0
:103A9000FAF78EFF02460B461AEE100A5146FAF765
:103AA00039FE06460E98DDF800803037012808F808
:103AB000017B0F4600F0BA800E9B009ACDF838B01B
:103AC00013449B46C246774B002230463946FAF7EC
:103AD000D9FF8946804601F01BFE0746FAF768FFCA
:103AE000303702460B4640464946FAF713FE0AF8BD
:103AF000017BDA4506460F46E5D1DA46DDF838B0F7
:103B0000694B59EC188B002218EE100A4946FAF757
:103B100003FE32463B4601F0BDFD00286DD118EE94
:103B2000102A4B4660490020FAF7F4FD32463B4626
:103B300001F0CEFD00283FF469ABD1460AF1FF3A0F
:103B400019F8013C302BF8D0109B0133059303E5A5
:103B5000129BC3F136039AE6079B002B3FF4A1AEFC
:103B60000F9B002B7FF752AB059A0E93013A4D4BFA
:103B700010921AEE100A39460022FAF783FF024625
:103B800016460F460AF10100FAF712FF32463B468D
:103B9000FAF778FF454B0022FAF7BEFD47EC1A6BA7
:103BA0008046A1F15079FFF79BBA4FF0020AB0EEC0
:103BB00049AAF0EE69AAFFF76FBA059B0133059396
:103BC0003123FFF717BB059BBB4601330593392310
:103BD00037460BF8013B46469EE44FF0000A564636
:103BE0000BE698462DE4AA4618EE104A1AEE105A33
:103BF000109B01330593D146AEE4109B009A0593C8
:103C0000FFF7F1BA7FF4CEAEDA077FF5CBAEC4E6AC
:103C1000392BD8D0B9F1000F3FF7C2AEC2E6019BF5
:103C2000022B3FF7D5ADCDF8149060E5C24667E7AB
:103C3000019B022B3FF7CCAD0F9BCDF8149007935F
:103C4000D6E44FF0020AFFF727BA194B0093FFF7AB
:103C5000D9B83FF40EACC0F13C0094E40026666491
:103C60003146204600F098FE009068B9114B12488A
:103C700000224FF4D571FBF799FA0E4B0E483A46E5
:103C800040F2EA21FBF792FA009B236401224FF0F5
:103C9000FF3309960F930A920793FFF7B7BA00BF55
:103CA00040630110000024400000E03F00001C4081
:103CB000E4610110F061011004620110B1F90C20FF
:103CC0002DE9F0410C461107804647D4636842F461
:103CD0000062002BA2815EDDA56A002D58D0002372
:103CE000D8F80060C8F8003093B212F4805256D170
:103CF0000123E1694046A847431C67D0A389A56A10
:103D00005F0705D56368C01A236B0BB1E36BC01A5C
:103D1000E169024600234046A847411C41D1D8F83A
:103D20000030002B3DD01D2B01D0162B56D1A3897E
:103D30002269226023F4006300216160A381216B6A
:103D4000C8F8006021B304F14003994202D0404614
:103D500000F000FA00202063BDE8F0812669BEB1C2
:103D600093B2256826609A070CBF63690023AD1BD8
:103D7000A3600BE02B463246E169676A4046B847CC
:103D8000B0F1000CA5EB0C05664417DD002DF1DC4D
:103D90000020BDE8F081E36B002B9DDCF8E7206D8F
:103DA000AEE7B4F90C302269226023F40063A381EA
:103DB0000022DB046260C2D52065C0E7A38943F01E
:103DC00040034FF0FF30A381BDE8F081D8F8003008
:103DD000002B93D01D2B06D0162B04D0A38943F0C3
:103DE0004003A381D5E7C8F80060D1E738B50C4699
:103DF000054608B1836BA3B1B4F90C00B8B1636E8A
:103E0000DB0701D4810515D528462146FFF756FF6B
:103E1000636EDA07054602D4A3899B050ED52846B2
:103E200038BD00F017F8B4F90C000028E7D10546BA
:103E3000284638BDA06D00F03DFCE5E7A06D00F020
:103E40003BFC284638BD00BF014900F001BC00BF63
:103E5000B95401102DE9F0478246394800F02AFC98
:103E6000DAF83840002C66D1DAF80450354ACAF83E
:103E70003C200323CAE9B843DFF8DC90DFF8DC809C
:103E8000314F324E04230AF53B72CAF8E82221462C
:103E9000C5E90243C5E90044C5E904446C6608224B
:103EA000AC6105F15C00FBF781FDC5E90759C5E987
:103EB0000987EE6205F1580000F0F8FBDAF80850C7
:103EC000234BEB602146C5E90044C5E904446C6618
:103ED000AC60AC61082205F15C00FBF767FDC5E949
:103EE0000759C5E90987EE6205F1580000F0DEFBCD
:103EF000DAF80C50174BEB602146C5E90044C5E9E0
:103F000004446C66AC60AC61082205F15C00FBF710
:103F10004DFD05F15800C5E90759C5E90A76C5F810
:103F2000248000F0C3FB0123CAF838300448BDE800
:103F3000F04700F0C1BBBDE8F047014800F0BCBB52
:103F40002C140020493E0110CDFF0010EDFF0010A1
:103F5000090001001200020069FF00108DFF00102F
:103F6000014800F0A7BB00BF28140020014800F062
:103F7000A3BB00BF2814002038B5084B084D5B1BBD
:103F80009C1007D0043B1D44013C55F80439984768
:103F9000002CF9D1BDE8384002F042BA9C0B002059
:103FA000980B00202DE9F04782B0824688461446DF
:103FB00000F072FB012803D108F1FF33FE2B36D944
:103FC000424604F15C0301A9504601F003FA421C89
:103FD000064632D030B39DF804C00DF10509002526
:103FE00009E023685A1C226083F800C00135B542FD
:103FF00018D219F801CBA368013B002BA360F0DABB
:10400000A769BB4261462246504602DBBCF10A0F5B
:10401000E7D101F087F9431CE8D10646304602B0EB
:10402000BDE8F0874646304602B0BDE8F0875FFA4B
:1040300088FC8DF804C00646CFE7A389304643F0DC
:104040004003A38102B0BDE8F08700BF30B5536ED6
:1040500013F0010FB2F90C30144683B005469AB242
:1040600001D198051CD5900406D4626E43F4005328
:1040700042F40052A381626622462846FFF792FF6F
:10408000636EDA07054602D4A3899B0502D528464C
:1040900003B030BDA06D00F00FFB284603B030BD6B
:1040A000A06D019100F006FBB4F90C3001999AB2B1
:1040B000D9E700BFF8B5244F0C460646FBF7C8FC0D
:1040C000BA685568C4F57E630F3325F003052B44A9
:1040D00023F47F6323F00F03A3F58054B4F5805FCE
:1040E00007DB00213046FBF70DFFBB682B449842ED
:1040F00004D03046FBF7B2FC0020F8BD61423046E8
:10410000FBF700FF01300DD0104ABB682D1B45F0B6
:1041100001055D60136830461B1B1360FBF79EFCB6
:104120000120F8BD00213046FBF7ECFEBA68831A87
:104130000F2BDEDD43F001035360054B03491B6881
:10414000C01A0860D5E700BF10060020EC1300205D
:10415000180A0020002961D0F8B50C460646FBF786
:1041600077FC54F8042C7B4FA4F1080522F00101E0
:1041700005EB010CB868DCF80430604523F003035C
:1041800000F08B80D207CCF8043032D454F8082CDD
:10419000AD1A1144AA6807F1080082426AD00CEBFC
:1041A0000304D4F804E0EC68D4601EF0010FA260B0
:1041B00000F0978041F001036B60CCF80010B1F57E
:1041C000007F35D27A68CB0848090121013381404C
:1041D0001143796007EBC30257F83310083AC5E979
:1041E000021247F83350CD603046BDE8F840FBF787
:1041F00035BC0CEB03025268D00710D4194407F108
:104200000800DCF80830834273D0DCF80C20DA6058
:10421000936041F001036B606950D0E7704741F053
:104220000103B1F5007F44F8043CCCF80010C9D379
:10423000B1F5206F4FEA512348D28B0903F13900C1
:1042400003F13802C300F818FB580838984259D0D7
:104250005A6822F003028A4202D99B689842F7D139
:10426000D868C5E902308560DD603046BDE8F840B9
:10427000FBF7F4BB0CEB03025268D20763D40B4488
:10428000DCE90212CA60916043F001026A603046C4
:10429000EB50BDE8F840FBF7E1BB0B44D10707D476
:1042A00054F8082CAD1A1344D5E90212CA60916083
:1042B00043F001026A60284ABD6012689A4293D8AE
:1042C000264B30461968FFF7F5FE8DE7142B0AD907
:1042D000542B1FD80B0B03F16F0003F16E02C300C8
:1042E000B1E719448DE703F15C0003F15B02C30001
:1042F000A9E741F00103C7E90455C5E902006B6075
:10430000695071E779689210012404FA02F20A43B5
:104310007A60A6E7B3F5AA7F06D8CB0B03F1780045
:1043200003F17702C3008EE740F25452934206D85D
:104330008B0C03F17D0003F17C02C30083E74FF493
:104340007E737E227FE741F001036B60CCF80010A2
:104350004AE700BF100600201C0A00201C140020A1
:104360009368002B00F085802DE9F04FB1F90C30F7
:104370000C461907804683B0174698B225D52369A5
:104380001BB310F002033D682DD04FF0000ADFF898
:10439000BCB25646B9465E453346524628BF5B46D8
:1043A0004046002E52D0E169676AB847002856DDC2
:1043B000D9F808301B1A8244361AC9F80830002B85
:1043C000E9D1002003B0BDE8F08F21464046FEF75A
:1043D000ADFB002840F03681B4F90C303D6898B24E
:1043E00010F00203D1D110F0010944D14E460097DC
:1043F00046B38205D4F808B040F18380B3455A46ED
:1044000000F2B28010F4906F40F0BF8020680192FB
:10441000494600F045FAA368019AA3EB0B01236813
:10442000A1601344B24623600026009B9868A0EB6D
:104430000A00D14498600028C3D0B4F90C0080B2BF
:10444000002ED6D1D5E900960835D1E7D5E900A6EA
:104450000835A0E721464046FFF7C8FC80B3B4F911
:104460000C3043F040034FF0FF30A38103B0BDE8B0
:10447000F08F002070471E46AA46994618461D46F2
:10448000009756B388B34A46D4E904132068B24271
:1044900028BF3246884205D9A16803EB010B5A4573
:1044A00000F3A680934263DCE169676A2A464046CE
:1044B000B847B0F1000BD2DDB9EB0B09CAD001202F
:1044C000009A9368A3EB0B035D44A6EB0B06936085
:1044D000002B3FF476AF002ED4D10AF1080353E944
:1044E00002569A460833002EF9D032460A21284651
:1044F00000F086F9002800F09C800130A0EB05094F
:10450000C1E720682369984216D86369B34213D87B
:104510006FF00042B24228BF3246E16992FBF3F2EB
:10452000676A02FB03F340464A46B847B0F1000A07
:1045300095DDA6EB0A0678E7B345DA4628BFB24612
:104540005246494600F0ACF9A3682268A3EB0A037F
:104550005244A3602260002BEBD121464046FFF776
:1045600045FC0028E5D07AE72068B34632464EE79E
:104570002946019200F094F9019AA3689B1AA3605E
:10458000236813442360934696E723682169A3EBCD
:10459000010B636903EB430A0AEBDA7A0BF10103BF
:1045A0004FEA6A0A33445345524684BF9A465246FC
:1045B00043052CD511464046FAF7AEFE00283BD005
:1045C0005A4621690190FBF757F9A289019B22F411
:1045D000906242F08002A28103EB0B002361AAEB00
:1045E0000B03C4F814A0A3602060B34632460EE764
:1045F00029465A4600F054F923685B44236021465B
:104600004046FFF7F3FB00283FF456AF27E740464C
:10461000FBF78CFA03460028DED121694046FFF7FC
:1046200099FDB4F90C300C2223F08003C8F8002067
:1046300017E7721C914627E70C22B4F90C30C8F832
:1046400000200EE74FF0FF30BCE600BF00FCFF7F0C
:104650002DE9F8430746884600F538764FF0000903
:10466000D6E90154013D11D4A389012B05F1FF3591
:1046700008D9B4F90E300133214603D03846C0477B
:1046800049EA00096B1C04F16804EDD13668002E7C
:10469000E6D14846BDE8F883014B93F828017047FE
:1046A000240A002000487047140B0020704700BF08
:1046B000704700BF704700BF704700BF38B50C4659
:1046C000084D8446114620461A4600232B60644656
:1046D00001F05EF8431C00D038BD2B68002BFBD0E6
:1046E000236038BD301400202DE9F0418B890C4641
:1046F000990796B008D504F143030122C4E90432B6
:10470000236016B0BDE8F081B4F90E10002906460A
:1047100027DB6A4600F036FF002821DB019D05F407
:104720007045A5F50055B5FA85F54FF480686D091B
:104730004FF4006741463046FAF7EEFDB4F90C300D
:10474000F0B1204AF26343F08003C4F81480A381DF
:104750002060206135BB3B43A38116B0BDE8F081EA
:10476000A38913F0800519D04FF040084146304628
:10477000FAF7D2FD0025B4F90C302F460028E0D11D
:104780009A05BED423F0030304F1430243F002036D
:104790000121C4E90421A3812260B2E74FF48068BB
:1047A0002F46C7E7B4F90E10304600F001FF10B9EC
:1047B000B4F90C30CFE7A38923F0030343F00103DE
:1047C0001BB2C8E7493E011082B049B15AB16BB182
:1047D00013780B601278101E18BF012002B07047CA
:1047E00001A9002AF3D1104602B070476FF0010012
:1047F000F4E700BF0000000000000000000000001F
:1048000001F0FF01102A2BDB10F0070F08D010F881
:10481000013B013A8B422DD010F0070F42B3F6D185
:10482000F0B441EA012141EA014122F007047FF09E
:1048300000070023F0E80256083C85EA010586EAF5
:10484000010685FA47F5A3FA87F586FA47F6A5FA31
:1048500087F68EB9EED1F0BC01F0FF0102F007023D
:1048600032B110F8013B013A83EA010313B1F8D1E8
:104870000020704701387047002D06BF35460338C9
:10488000073815F0010F07D1013015F4807F02BF02
:10489000013015F4C03F0130F0BC0138704700BF53
:1048A00088420DD98B1883420AD900EB020CBAB1A9
:1048B000624613F801CD02F801CD9942F9D1704753
:1048C0000F2A0ED8034602F1FF3C4AB10CF1010C4D
:1048D000013B8C4411F8012B03F8012F6145F9D1FC
:1048E000704740EA01039B0750D1A2F1100370B555
:1048F00001F1200C23F00F0501F1100E00F110045E
:10490000AC441B095EF8105C44F8105C5EF80C5C6B
:1049100044F80C5C5EF8085C44F8085C5EF8045CE3
:1049200044F8045C0EF1100EE64504F11004E9D1E0
:10493000013312F00C0F01EB031102F00F0400EB36
:10494000031327D0043C24F003064FEA940C1E44C2
:104950001C1F8E465EF8045B44F8045FB442F9D134
:104960000CF1010402F0030203EB840301EB840168
:1049700002F1FF3C4AB10CF1010C013B8C4411F8EF
:10498000012B03F8012F6145F9D170BD02F1FF3C05
:1049900003469BE72246EBE7C36C70B505460C4621
:1049A0004BB153F8240080B1026843F8242000235F
:1049B000C0E9033370BD21220421FAF723FC03462A
:1049C000E8640028EDD1002070BD012101FA04F651
:1049D000721D92002846FAF715FC0028F3D0C0E9B2
:1049E0000146E4E731B1C36C4A6853F8220008601D
:1049F00043F82210704700BFF0B50C69064683B03B
:104A00000D4601F1140E0020DEF800101FFA81FCA3
:104A100002FB0C334FEA134C090C02FB01CC0130B2
:104A20009BB203EB0C4384424EF8043B4FEA1C4319
:104A3000EADC3BB1AA68A24207DD05EB840201343F
:104A400053612C61284603B0F0BD696801930131C0
:104A50003046FFF7A1FF019B0746B8B12A690193D1
:104A6000023205F10C0192000C30FAF705FFF26CEE
:104A70006968019B52F82100286042F821503D46A8
:104A800005EB8402013453612C61DBE7024B0348E0
:104A90003A46B521FAF78AFBF061011094620110E1
:104AA000030C1B04D3B90004102310F07F4F04BF84
:104AB0000002083310F0704F04BF0001043310F0FF
:104AC000404F04BF80000233002805DB10F0804F08
:104AD00003F1010308BF2023184670470023E4E7D1
:104AE000036813F00702014607D0DA071FD49807BE
:104AF00021D55B080B600120704798B2A0B1104629
:104B0000DAB20AB908301B0A1A0704BF1B090430BD
:104B10009A0704BF9B080230DA0703D45B0800F150
:104B2000010006D00B6070471B0C1020E8E7002046
:104B30007047202070479B080B600220704700BF21
:104B400038B5C36C04460D464BB15868B0B1026825
:104B50005A6000220123C0E90435C26038BD212219
:104B60000421FAF74FFB0346E0640028EDD1094B1E
:104B7000094800224FF4A071FAF718FB1C2201210A
:104B80002046FAF73FFB0028F1D001220223C0E9BA
:104B90000123DEE7F0610110946201102DE9F04F6E
:104BA0000E691569AE4285B08846144605DB2A4673
:104BB000234635460C4616469846A3686168AF19E9
:104BC000BB42B8BF0131FFF7E7FE0190002800F0BB
:104BD0008780019B03F1140909EB870AD14505D2AF
:104BE0004B46002243F8042B9A45FBD808F11408E1
:104BF00008EB860B04F11403D8451A4603EB850530
:104C00005FD22B1B153B23F0030304331534A5425D
:104C100038BF0423CDE902A7AC461F46924605E003
:104C2000000C29D1C34509F1040948D958F8040BEF
:104C300085B2002DF4D056464C46002356F8040B9E
:104C4000216882B21FFA81FE05FB02EE000C0A0CFD
:104C5000734405FB002202EB13429BB243EA02437A
:104C6000B44544F8043B4FEA1243E7D849F807300B
:104C700058F8040C000CD5D0D9F800305446194629
:104C80004D4600222688090C00FB06110A449BB2FF
:104C900043EA024345F8043B54F8046B2968360C98
:104CA0008BB200FB063303EB1243A4454FEA1342D9
:104CB000E8D8C34549F8073009F10409B6D8DDE959
:104CC00002A7002F02DC05E0013F03D05AF8043DA3
:104CD000002BF9D0019B18461F6105B0BDE8F08F8D
:104CE000034B0448019A40F25D11FAF75FFA00BFE6
:104CF000F06101109462011012F003032DE9F041FC
:104D00001446064632D10D46A41020D0D6F848806D
:104D1000B8F1000F33D0E3074FF0000707D4641059
:104D200015D0D8F80000A8B18046E307F7D5424671
:104D300029463046FFF732FFB5B16968F36C64105D
:104D400053F821202A6043F821500546E9D128462E
:104D5000BDE8F081424641463046FFF71FFFC8F8E4
:104D6000000007608046E0E70546D8E7013B0F4AB0
:104D700052F823200023FFF73FFE0546C4E7012138
:104D80003046FFF709FE804640B1012340F2712210
:104D9000C0E904320023B0640360BCE7044B05485B
:104DA00042464FF4A071FAF701FA00BF08640110FF
:104DB000F0610110946201102DE9F0470C46904615
:104DC0002669A368496806EB6216751C9D42074672
:104DD0004FEA621904DD5B009D4201F10101FADC3A
:104DE0003846FFF7D9FD8446002851D0B9F1000FAD
:104DF00000F114000EDD09F105024FEA820E0346B0
:104E00000CEB8202002143F8041B9342FBD1AEF16C
:104E100014031844216904F1140318F01F0803EB6C
:104E200081012DD0C8F1200986464FF0000A1A688A
:104E300002FA08F242EA0A024EF8042B53F8042B55
:104E4000994222FA09FAF2D80B1B153B23F003030F
:104E5000043304F11502914238BF0423BAF1000F64
:104E600018BF2E4640F803A0FB6C6268CCF81060B7
:104E700053F822102160604643F82240BDE8F087D5
:104E8000043853F8042B40F8042F9942F9D8EBE783
:104E9000034B0448624640F2D911FAF787F900BF84
:104EA000F0610110946201100B6984460069C01A18
:104EB00016D10CF1140C14310CEB830210B401EB7D
:104EC000830301E0944508D252F8044D53F8041DC1
:104ED0008C42F7D005D24FF0FF305DF8044B70479D
:104EE000704701205DF8044B704700BF2DE9F84F73
:104EF0000F691369FF1A002F0E4690467AD101F10F
:104F00001405143202EB830205EB830301E09D429A
:104F100073D253F8041D52F8044DA142F7D064D364
:104F20007168FFF739FD8146002872D03569D8F8DD
:104F30001020C76008F1140E06F1140009F1140ADC
:104F400006F1100C0EEB820200EB8507564600219D
:104F50005EF8044B5CF804BFA3B211FA8BF1CB1AD4
:104F6000210CC1EB1B4101EB23419BB243EA0143FE
:104F7000724546F8043B4FEA2141E9D8A2EB080408
:104F8000153C08F11508424524F0030606F1040615
:104F900038BF0426304424F0030238BF0022874281
:104FA0005244B24416D95646044654F8043B11FA0A
:104FB00083F10A1402EB134289B241EA0243A74289
:104FC00046F8043B4FEA2241EFD87A1E101A20F02F
:104FD0000302524423B952F8043D013D002BFAD09C
:104FE000C9F810504846BDE8F88F334601274646B9
:104FF000984695E7F9DB002792E70021FFF7CCFC04
:10500000814668B101220023C9E904234846BDE86E
:10501000F88F074B07484A464FF41071FAF7C6F865
:10502000034B04484A4640F23221FAF7BFF800BF6A
:10503000F0610110946201102DE9F043884683B0BD
:10504000012157EC106B1546FFF7A6FC044600281B
:105050004FD0C7F30A59C7F31303B9F1000F01D0BA
:1050600043F48013002E019324D068460096FFF786
:1050700037FD002839D0DDE90013C0F1200203FA22
:1050800002F20A43C34062610193002B14BF022263
:105090000122A3612261B9F1000F16D0A9F23343B6
:1050A0000344C0F13500C8F800302860204603B042
:1050B000BDE8F08301A8FFF713FD019B63610122A6
:1050C00020302261B9F1000FE8D104EB8203A0F295
:1050D0003240C8F800001869FFF7E2FCC0EB42104C
:1050E0002860204603B0BDE8F083009B6361019B0C
:1050F000CBE7034B0348224640F20A31FAF756F851
:10510000F06101109462011038B50C46084D8446D8
:10511000114620461A4600232B60644600F040FBEF
:10512000431C00D038BD2B68002BFBD0236038BD5A
:105130003014002053EC102B70B5164E23F00041B4
:105140000025B1420446056021DC10EE106A0E43D2
:105150001DD0114E1E40184666B91946002210EEA9
:10516000100A0E4BF9F78EFC6FF035050246084623
:1051700021F0004120F0FF40091520F4E000A1F2E9
:10518000FE3140F07F53294443F40013216043EC87
:10519000102B70BDFFFFEF7F0000F07F0000504339
:1051A00038B5154B1F281D6820D8D5F8DC220446D9
:1051B00062B152F820304BB1012B15D0591C0FD0E1
:1051C000002542F820509847284638BD284600F070
:1051D0002BF8224601462846BDE8384000F00EB8BC
:1051E00016232B60012038BD002038BD16232B600C
:1051F0004FF0FF3038BD00BFE401002070B50C4611
:10520000084D03460026204611461C462E60EBF74B
:105210002EF8431C00D070BD2B68002BFBD0236000
:1052200070BD00BF30140020EBF718B82DE9F04F27
:10523000936883B09146002B6ED017688D688046C6
:105240000C460868083744E0A38913F4906F2ED009
:10525000D4E90415A0EB010A05EB450505EBD5756E
:105260000AEB06006D100130A8422A4684BF0546AD
:105270002A465B0537D511464046FAF74DF8002817
:105280003BD0524621690190FAF7F6FAA289019BB8
:1052900022F4906242F08002A281A5EB0A0203EBA5
:1052A0000A006561A260236120603546B246594616
:1052B0005246FFF7F5FAA068D9F808102368451B95
:1052C0008E1B03EB0A00A5602060C9F808601EB3BE
:1052D000083757E902B6002EFAD0B542AA46B3D92C
:1052E0003546B246E3E74046FAF720FC034600287D
:1052F000D3D121694046FEF72DFF0C23C8F80030BA
:10530000A389002243F040034FF0FF30A381C9E995
:10531000012203B0BDE8F08F0020C9F8040003B0FB
:10532000BDE8F08FF8B50D461446064610B1836B04
:10533000002B43D0B4F90C20A369A360170790B2E7
:105340001BD52369CBB1EDB281042F4622D522684B
:105350006169D31A994229DD0133A1680139A1603D
:10536000511C2160157062699A422AD0A389DB071B
:1053700001D50A2D25D03846F8BD21463046FDF727
:10538000D5FB20BBB4F90C20236990B2EDB28104A7
:105390002F46DCD442F40052A281626E616922F48D
:1053A000005262662268D31A9942D5DC2146304603
:1053B000FEF71CFD58B922680123CEE7FEF74AFD2F
:1053C000B8E721463046FEF711FD0028D3D04FF054
:1053D000FF37D0E770B5054684B01C4639B10B4E97
:1053E000D6F8E060B047431C09D004B070BD0A464F
:1053F0000649D1F8E06001A9B047431CF5D100226D
:105400008A2322602B6004B070BD00BF240A0020F4
:1054100049B1FF2A02D80A70012070478A2303602D
:105420004FF0FF3070470846704700BF2DE9F04746
:10543000DFF880A00646DAF8000098460F4691464D
:10544000FFF738F91A4B1B68D3F8484124B3656855
:105450001F2D26DC5EB96B1C0235DAF80000636094
:1054600044F82570FFF728F90020BDE8F08704EB29
:1054700085010123C1F88890D4F88821AB401A43F4
:10548000022EC4F88821C1F80881E4D1D4F88C2117
:105490001343C4F88C31DEE703F5A674C3F8484122
:1054A000D5E7DAF80000FFF707F94FF0FF30DCE747
:1054B00050600110200A002070B500294BD006462C
:1054C0000C4610B1836B002B48D0636ED80734D5DF
:1054D000B4F90C30002B3ED021463046FEF7EEFBEF
:1054E000E36A054633B1E169304698470028B8BF02
:1054F0004FF0FF35A3891A063BD4216B41B104F16B
:105500004003994202D03046FEF724FE0023236375
:10551000616C21B13046FEF71DFE00236364FEF787
:105520001FFD636E0022DB07A28127D5A06DFFF768
:10553000BFF8FEF71BFD284670BDA3899905CBD4A3
:10554000A06DFFF7B7F8B4F90C30002BC4D1656E2D
:1055500015F0010508D00025284670BDFEF77AFC3D
:10556000636ED807B4D4E8E7A06DFFF7A5F8284626
:1055700070BD21693046FEF7EDFDBEE7A06DFFF777
:105580009BF8D3E770B50C46084D0346002620462D
:1055900011461C462E6000F0EBF8431C00D070BD95
:1055A0002B68002BFBD0236070BD00BF301400209F
:1055B00038B5074D0022044608462A6000F0E0F89E
:1055C000431C00D038BD2B68002BFBD0236038BDB6
:1055D000301400204FF0FF3C06E000BF4FF0010CFC
:1055E00002E000BF4FF0010C4DF804CD4FEA410C32
:1055F0007FEA6C5C4FEA430C18BF7FEA6C5C1BD0FF
:1056000001B050EA410C0CBF52EA430C91EA030F7F
:1056100002BF90EA020F0020704710F1000F91EADC
:10562000030F58BF994208BF90422CBFD8176FEAAA
:10563000E37040F0010070474FEA410C7FEA6C5C78
:1056400002D150EA013C07D14FEA430C7FEA6C5C7F
:10565000D6D152EA033CD3D05DF8040B704700BFAB
:105660008446104662468C461946634600E000BFF9
:1056700001B5FFF7B7FF002848BF10F1000F01BDCB
:105680004DF808EDFFF7F4FF0CBF012000205DF896
:1056900008FB00BF4DF808EDFFF7EAFF34BF01201B
:1056A00000205DF808FB00BF4DF808EDFFF7E0FFB4
:1056B00094BF012000205DF808FB00BF4DF808ED05
:1056C000FFF7CEFF94BF012000205DF808FB00BF6C
:1056D0004DF808EDFFF7C4FF34BF012000205DF84E
:1056E00008FB00BF4FEA410C7FEA6C5C02D150EA34
:1056F000013C0AD14FEA430C7FEA6C5C02D152EACA
:10570000033C02D14FF0000070474FF0010070479A
:105710004FEA410212F5001215D211D56FF47873D9
:10572000B3EB625212D94FEAC12343F0004343EA7C
:10573000505311F0004F23FA02F018BF4042704757
:105740004FF00000704750EA013005D111F00040E1
:1057500008BF6FF0004070474FF00000704700BF77
:10576000024B58221A604FF0FF307047301400206F
:10577000024B58221A604FF0FF307047301400205F
:10578000024B58221A600020704700BF30140020DE
:10579000024B58221A604FF0FF307047301400203F
:1057A000024B58221A604FF0FF307047301400202F
:1057B000024B58221A604FF0FF307047301400201F
:1057C000FEE700BF00000000000000000000000035
:1057D00000000000000000000B240010240F002037
:1057E000000000000000000000800040C000000039
:1057F000020000000080004000C000000200000025
:105800000090004000C00000020000000090004036
:10581000003E00000200000000800040003E00004A
:1058200003000000009000400001000002000000A2
:1058300000800040004000000300000000800040A5
:1058400000800000030000000080004000003E00D7
:105850000300000000800040000001000300000081
:105860000080004000004000030000000080004075
:105870000000800003000000008000400000003EA7
:105880000300000000800040000000010300000051
:105890000080004000000040030000000080004045
:1058A00000000080030000007F70001009710010EC
:1058B000C971001085720010DF7200107373001040
:1058C0002F7600109F760010537700104B78001051
:1058D000A778001021790010798C0010C18D00107C
:1058E000ED8D00101B8E0010538E0010E38E001003
:1058F0002B8F0010CD8F00103D91001015940010DB
:105900004195001051930010D19C0010C19D0010D2
:105910008D9F001057A0001071A0001039A000103A
:105920008BA00010B5A00010DFA000100000000048
:105930003D9D001000000000000000005741524E45
:10594000494E473A2063735F64656C61795F6669AD
:105950007273742076616C756520697320746F6F43
:1059600020686967680000005741524E494E473A27
:105970002063735F64656C61795F6C61737420761A
:10598000616C756520697320746F6F206869676842
:1059900000000000EDA6001011B1001051AD001084
:1059A000F9AC001023AD0010F5A7001000000000B6
:1059B0000DB2001087B10010A5B10010D3B10010D6
:1059C000EFB100106DB40010ABB400100100000086
:1059D000010100000101004B010100502020444161
:1059E000433D25752028252E33665629202D3E203F
:1059F0004144433D25752028252E33665629207CB9
:105A000020646966663D252E3366560A0D00000047
:105A10000A0D4441432054657374205377656570C3
:105A20002028766572696679696E67204441432053
:105A300066756E6374696F6E616C697479293A0A70
:105A40000D0000000D0A0D0A203D3D3D202573206C
:105A500028257329202D2025732043757276652013
:105A600054726163657220284963207673205663FF
:105A700029203D3D3D0D0A007C49637C000000006B
:105A800049630000592D617869733A2025732028F5
:105A90003020746F20252E3266206D41290D0A00BA
:105AA000582D617869733A20566320283020746F2E
:105AB00020252E32662056290D0A0D0A000000000E
:105AC0000D0A0000302E3000202020202020200051
:105AD000252E32660000000020560D0A0D0A000037
:105AE0003D3D3D3D3D202573204375727665205434
:105AF0007261636520436F6D706C657465203D3D18
:105B00003D3D3D0A0D0A0D000A0D3D3D3D2043532C
:105B10005620444154412053544152543A20257355
:105B2000203D3D3D0A0D000056636525642C496308
:105B3000256400002C0000000A0D0000252E3466AC
:105B40002C252E34660000003D3D3D204353562059
:105B50004441544120454E44203D3D3D0A0D0A0D2F
:105B6000000000000A0D3D3D3D3D3D3D3D3D3D3DBC
:105B700020257320282573292025732043757276EC
:105B80006520547261636572203D3D3D3D3D3D3D64
:105B90003D3D3D0A0D0000004661696C656420745E
:105BA0006F20696E697469616C697A65202573205C
:105BB000282573290A0D0000257320282573292024
:105BC000696E697469616C697A6564207375636371
:105BD00065737366756C6C790A0D000056726566A4
:105BE0003A202575206D562C205363616C653A2050
:105BF000252E3466206D562F4C53420A0D000000AE
:105C000025732054656D70657261747572653A20F4
:105C1000252E3266C20C20287261773D2575290A2F
:105C20000D0000004661696C656420746F20777216
:105C300069746520746F20444143206368616E6E0F
:105C4000656C2025752028456D6974746572290A74
:105C50000D000000456D6974746572206472697688
:105C600065202843482575292073657420746F20AA
:105C7000257520636F756E74732028252E3266207B
:105C80006D56290A0D000000496E697469616C69DE
:105C90007A696E6720426173652F436F6C6C656330
:105CA000746F72204441437320746F202575206304
:105CB0006F756E74732028252E3266206D56290A62
:105CC0000D00000044414320434832207265616466
:105CD0006261636B3A207261773D25752C20766F87
:105CE0006C746167653D252E3466560A0D00000010
:105CF0000A0D5374617274696E6720257320637591
:105D00007276652073776565702028737765657096
:105D1000696E67204849474820746F204C4F5729C7
:105D20002E2E2E0A0D0000000A0D53746172746944
:105D30006E672063757276652073776565702E2EA9
:105D40002E0A0D00426173652044726976653A201F
:105D500020252E3131662020566F6C74732C202044
:105D6000252E313066202075410A0D00636F6C6C62
:105D700020766F6C746167653A2020252E3131667C
:105D8000202020636F6C6C2063757272653A20204E
:105D9000252E3136660A0D004661696C65642074F3
:105DA0006F20676574207265666572656E63652035
:105DB000766F6C746167650A0D0000004661696C5E
:105DC000656420746F20726561642074656D706510
:105DD0007261747572650A0D000000004661696C9D
:105DE000656420746F20777269746520746F204435
:105DF0004143206368616E6E656C20300A0D0000BF
:105E0000444143206368616E6E656C203020777278
:105E1000697474656E207375636365737366756CFE
:105E20006C790A0D000000004661696C656420749D
:105E30006F20777269746520746F2044414320633A
:105E400068616E6E656C20320A0D0000444143208B
:105E50006368616E6E656C20322077726974746558
:105E60006E207375636365737366756C6C790A0D68
:105E7000000000004661696C656420746F207265E3
:105E8000616420414443206368616E6E656C20311B
:105E90000A0D00004661696C656420746F207265AC
:105EA000616420414443206368616E6E656C2032FA
:105EB0000A0D000041443535393252005350490033
:105EC0004E504E00414435353932525F4E504E00EF
:105ED00002010302000000000303030303030303A2
:105EE000414435353933520049324300504E500059
:105EF000414435353933525F504E50004C4D3735A3
:105F00002054656D70657261747572653A20256400
:105F10002E2564C2B04320287261773D2575290A79
:105F20000D0000004661696C656420746F20726525
:105F30006164204C4D37350A0D0000003D3D3D2089
:105F40004C4D3735205445535420454E44203D3D5B
:105F50003D0A0D0A0D0000001B5B324A1B5B480026
:105F60003D3D3D3D3D3D3D3D3D3D3D3D3D3D3D3D61
:105F70003D3D3D3D3D3D3D3D3D3D3D3D3D3D3D3D51
:105F80003D3D3D3D3D3D3D3D0A0D00002020447519
:105F9000616C2044657669636520424A54204375EC
:105FA000727665205472616365722044656D6F0A74
:105FB0000D0000000A0D4144353539325220637519
:105FC00072766520747261636572206661696C65C2
:105FD00064210A0D000000000A0D414435353933B3
:105FE00052206375727665207472616365722066F3
:105FF00061696C6564210A0D000000000A0D4C4DBA
:106000003735206661696C6564210A0D0000000067
:106010002C2066756E6374696F6E3A200000000074
:10602000617373657274696F6E2022257322206616
:1060300061696C65643A2066696C6520222573226B
:106040002C206C696E65202564257325730A000079
:10605000E80100200A000000494E4600696E660013
:106060004E414E006E616E0030313233343536377A
:106070003839616263646566000000003031323394
:106080003435363738394142434445460000000034
:10609000286E756C6C290000300000002020202044
:1060A00020202020202020202020202030303030B0
:1060B0003030303030303030303030302020202020
:1060C0002020202020202020202020203030303090
:1060D0003030303030303030303030300020202020
:1060E0002020202020202828282828202020202088
:1060F0002020202020202020202020202088101058
:1061000010101010101010101010101010040404B3
:106110000404040404040410101010101010414171
:10612000414141410101010101010101010101015F
:106130000101010101010101101010101010424273
:10614000424242420202020202020202020202022F
:1061500002020202020202021010101020000000CF
:10616000000000000000000000000000000000002F
:10617000000000000000000000000000000000001F
:10618000000000000000000000000000000000000F
:1061900000000000000000000000000000000000FF
:1061A00000000000000000000000000000000000EF
:1061B00000000000000000000000000000000000DF
:1061C00000000000000000000000000000000000CF
:1061D00000000000000000000000000000000000BF
:1061E0004E614E00496E66696E6974790000000068
:1061F00042616C6C6F63207375636365656465648D
:10620000000000002F6D6E742F776F726B737061DA
:1062100063652F776F726B73706163652F474343BC
:106220002D31302D706970656C696E652F6A656EF1
:106230006B696E732D4743432D31302D7069706546
:106240006C696E652D3333385F3230323131303125
:10625000385F313633343531363230332F73726331
:106260002F6E65776C69622F6E65776C69622F6C33
:106270006962632F7374646C69622F64746F612E3A
:106280006300000043000000504F534958000000D5
:106290002E0000002F6D6E742F776F726B7370611C
:1062A00063652F776F726B73706163652F4743432C
:1062B0002D31302D706970656C696E652F6A656E61
:1062C0006B696E732D4743432D31302D70697065B6
:1062D0006C696E652D3333385F3230323131303195
:1062E000385F313633343531363230332F737263A1
:1062F0002F6E65776C69622F6E65776C69622F6CA3
:106300006962632F7374646C69622F6D7072656368
:106310002E630000000000000080E03779C3414395
:10632000176E05B5B5B89346F5F93FE9034F384DFB
:10633000321D30F94877825A3CBF737FDD4F1575A7
:10634000000000000000F03F0000000000002440BA
:1063500000000000000059400000000000408F4095
:10636000000000000088C34000000000006AF84000
:106370000000000080842E4100000000D012634124
:106380000000000084D797410000000065CDCD419A
:10639000000000205FA00242000000E8764837427B
:1063A000000000A2941A6D42000040E59C30A24219
:1063B0000000901EC4BCD64200003426F56B0C438E
:1063C0000080E03779C3414300A0D8855734764335
:1063D00000C84E676DC1AB43003D9160E458E14396
:1063E000408CB5781DAF154450EFE2D6E41A4B440B
:1063F00092D54D06CFF08044F64AE1C7022DB54450
:10640000B49DD9794378EA440500000019000000E2
:106410007D000000F8B500BFF8BC08BC9E46704780
:10642000F8B500BFF8BC08BC9E46704700000000ED
:08643000A88AFF7F01000000B3
:1064380080C3C901FFFFFFFF0000000080250000A6
:1064480000000800A1200000000002000200000077
:10645800FFFFFFFF000000000810C000FFFFFFFF64
:106468000000000000000000010000000000000023
:10647800020000000000000003000000000000000F
:106488000400000000000000000000000000000000
:1064980006000000000000000000000000000000EE
:1064A80000000000000000000900000000000000DB
:1064B80000000000000000000B00000000000000C9
:1064C8000C00000000000000120100020200004061
:1064D8006A0B3C00000101020001000009024300B0
:1064E800020100E001090400000102020100052484
:1064F80000100105240103010424020205240600FA
:1065080001070583034000FF09040100020A000097
:106518000007050102400000070582024000000054
:106528000403090422034D006100780069006D002E
:10653800200049006E007400650067007200610069
:10654800740065006400000022034D0041005800FB
:106558003300320036003600350020004300440086
:1065680043002D00410043004D00000001000002DF
:1065780002000002030000020200000040420F0077
:106588000002000094590110000000000000000003
:10659800C001002000000000000000000200000010
:1065A80000000000D8580110D401002000000000AD
:1065B800020000000100000000C20100030000000A
:1065C800B0590110D801002000000000A086010089
:1065D80010000000F8580110DC0100200000000045
:1065E800A086010048000000F8580110E0010020D2
:1065F8000100000000010000000000000000000091
:1066080000000000010000005604028101000000A3
:1066180001000000E801002000000000D404002070
:106628003C050020A4050020000000000000000038
:106638000000000000000000000000000000000052
:106648000000000000000000000000000000000042
:106658000000000000000000000000000000000032
:106668000000000000000000000000000000000022
:106678000000000000000000000000000000000012
:106688000000000000000000000000000000000002
:1066980000000000000000000000000000000000F2
:1066A80000000000000000000000000000000000E2
:1066B80000000000000000000000000000000000D2
:1066C80001000000000000000E33CDAB34126DE66F
:1066D800ECDE05000B0000000000000000000000D8
:1066E80000000000000000000000000000000000A2
:1066F8000000000000000000000000000000000092
:106708000000000000000000000000000000000081
:106718000000000000000000000000000000000071
:106728000000000000000000000000000000000061
:106738000000000000000000000000000000000051
:106748000000000000000000000000000000000041
:106758000000000000000000000000000000000031
:106768000000000000000000000000000000000021
:106778000000000000000000000000000000000011
:106788000000000000000000000000000000000001
:1067980000000000000000000000000000000000F1
:1067A80000000000000000000000000000000000E1
:1067B80000000000000000000000000000000000D1
:1067C80000000000000000000000000000000000C1
:1067D80000000000000000000000000000000000B1
:1067E80000000000000000000000000000000000A1
:1067F8000000000000000000000000000000000091
:106808000000000000000000000000000000000080
:106818000000000000000000000000000000000070
:106828000000000000000000000000000000000060
:106838000000000000000000000000000000000050
:106848000000000000000000000000000000000040
:106858000000000000000000000000000000000030
:106868000000000000000000000000000000000020
:106878000000000000000000000000000000000010
:106888000000000000000000000000000000000000
:1068980000000000000000000000000000000000F0
:1068A80000000000000000000000000000000000E0
:1068B80000000000000000000000000000000000D0
:1068C80000000000000000000000000000000000C0
:1068D80000000000000000000000000000000000B0
:1068E80000000000000000000000000000000000A0
:1068F8000000000000000000000000000000000090
:10690800000000000000000000000000000000007F
:10691800000000000000000000000000000000006F
:10692800000000000000000000000000000000005F
:10693800000000000000000000000000000000004F
:10694800000000000000000000000000000000003F
:10695800000000000000000000000000000000002F
:10696800000000000000000000000000000000001F
:10697800000000000000000000000000000000000F
:1069880000000000000000000000000000000000FF
:1069980000000000000000000000000000000000EF
:1069A80000000000000000000000000000000000DF
:1069B80000000000000000000000000000000000CF
:1069C80000000000000000000000000000000000BF
:1069D80000000000000000000000000000000000AF
:1069E800000000000000000000000000000000009F
:1069F800000000000000000000000000000000008F
:106A0800000000000000000000000000000000007E
:106A1800000000000000000000000000000000006E
:106A2800000000000000000000000000000000005E
:106A3800000000000000000000000000000000004E
:106A480000000000000000001006002010060020D2
:106A58001806002018060020200600202006002026
:106A680028060020280600203006002030060020D6
:106A78003806002038060020400600204006002086
:106A88004806002048060020500600205006002036
:106A980058060020580600206006002060060020E6
:106AA8006806002068060020700600207006002096
:106AB8007806002078060020800600208006002046
:106AC80088060020880600209006002090060020F6
:106AD8009806002098060020A0060020A0060020A6
:106AE800A8060020A8060020B0060020B006002056
:106AF800B8060020B8060020C0060020C006002006
:106B0800C8060020C8060020D0060020D0060020B5
:106B1800D8060020D8060020E0060020E006002065
:106B2800E8060020E8060020F0060020F006002015
:106B3800F8060020F80600200007002000070020C3
:106B48000807002008070020100700201007002071
:106B58001807002018070020200700202007002021
:106B680028070020280700203007002030070020D1
:106B78003807002038070020400700204007002081
:106B88004807002048070020500700205007002031
:106B980058070020580700206007002060070020E1
:106BA8006807002068070020700700207007002091
:106BB8007807002078070020800700208007002041
:106BC80088070020880700209007002090070020F1
:106BD8009807002098070020A0070020A0070020A1
:106BE800A8070020A8070020B0070020B007002051
:106BF800B8070020B8070020C0070020C007002001
:106C0800C8070020C8070020D0070020D0070020B0
:106C1800D8070020D8070020E0070020E007002060
:106C2800E8070020E8070020F0070020F007002010
:106C3800F8070020F80700200008002000080020BE
:106C4800080800200808002010080020100800206C
:106C5800180800201808002020080020200800201C
:106C680028080020280800203008002030080020CC
:106C7800380800203808002040080020400800207C
:106C8800480800204808002050080020500800202C
:106C980058080020580800206008002060080020DC
:106CA800680800206808002070080020700800208C
:106CB800780800207808002080080020800800203C
:106CC80088080020880800209008002090080020EC
:106CD8009808002098080020A0080020A00800209C
:106CE800A8080020A8080020B0080020B00800204C
:106CF800B8080020B8080020C0080020C0080020FC
:106D0800C8080020C8080020D0080020D0080020AB
:106D1800D8080020D8080020E0080020E00800205B
:106D2800E8080020E8080020F0080020F00800200B
:106D3800F8080020F80800200009002000090020B9
:106D48000809002008090020100900201009002067
:106D58001809002018090020200900202009002017
:106D680028090020280900203009002030090020C7
:106D78003809002038090020400900204009002077
:106D88004809002048090020500900205009002027
:106D980058090020580900206009002060090020D7
:106DA8006809002068090020700900207009002087
:106DB8007809002078090020800900208009002037
:106DC80088090020880900209009002090090020E7
:106DD8009809002098090020A0090020A009002097
:106DE800A8090020A8090020B0090020B009002047
:106DF800B8090020B8090020C0090020C0090020F7
:106E0800C8090020C8090020D0090020D0090020A6
:106E1800D8090020D8090020E0090020E009002056
:106E2800E8090020E8090020F0090020F009002006
:106E3800F8090020F8090020000A0020000A0020B4
:106E4800080A0020080A0020FFFFFFFF00000200D8
:106E58002014002043000000000000000000000093
:106E6800000000000000000000000000000000001A
:106E780000000000430000000000000000000000C7
:106E880000000000000000000000000000000000FA
:106E980000000000430000000000000000000000A7
:106EA80000000000000000000000000000000000DA
:106EB8000000000043000000000000000000000087
:106EC80000000000000000000000000000000000BA
:106ED8000000000043000000000000000000000067
:106EE800000000000000000000000000000000009A
:106EF8000000000043000000000000000000000047
:106F08000000000000000000000000000000000079
:106F18000000000043000000000000000000000026
:106F28000000000000000000000000000000000059
:106F38000000000011540110C947011000000000B2
:106F4800DC600110906201101C6001101C600110CF
:106F58001C6001101C6001101C6001101C600110F5
:106F68001C6001101C6001101C600110FFFFFFFF76
:106F7800FFFFFFFFFFFFFFFFFFFF0000010041537E
:106F88004349490000000000000000000000000024
:106F98000000000000000000000000000000415355
:106FA8004349490000000000000000000000000004
:106FB80000000000000000000000000000000000C9
:0C6FC800012C0110E1010010BD010010BF
:040000051000E5D929
:00000001FF
